{"0": {"cum_exec_time": [[4642.319019, 9169.311248999998, 13506.389204, 16850.479261, 23336.199101, 25101.57782435, 27003.564796399998, 29323.18243718, 31857.22518182, 38588.25130382, 41034.547986319994, 42939.110032849996, 45455.71591871], [8145.1891510000005, 12819.859852000001, 16094.348193000002, 22403.483774, 24168.86249735, 26512.85683619, 28684.06803956, 31003.68568034, 33388.50952658, 35782.882772239995, 41884.84278823999, 44262.962201689996], [4372.381657, 7764.956708, 11976.251578, 16417.67744, 18187.85585, 20371.74893291, 22275.925160929997, 30010.065130929997, 35393.59585293, 37697.75548884, 44762.89784484], [3347.815277, 8141.427845, 12801.771535, 16076.259876, 17406.39857622, 24874.36903222, 26802.081113679997, 29025.840665649997, 31559.883410289996, 33944.70725653, 40927.00918353, 42687.68132577, 44592.2433723], [5858.009690999999, 11524.761641, 16327.874844999998, 21035.657135999998, 23596.25974287, 25374.571686299998, 27718.566025139997, 29901.396599789998, 36632.42272179, 38869.302854639995, 41315.59953713999, 43069.783531559995, 44767.78084256999], [4654.846959, 8974.729523000002, 13621.183147000002, 16911.944743, 18190.67496841, 24920.62972541, 27336.15856553, 29870.20131017, 32412.26857208, 39394.57049908, 46723.186978080004]], "force_terminate": false, "select_trace": [["RANDOM_RANDOM", "RANDOM_RANDOM", "RF-HLE_PI", "RF-HLE_EI", "RF-HLE_EI", "RF-HLE_EI", "GP-HLE_EI", "GP-HLE_PI", "GP-HLE_UCB", "GP-HLE_EI", "GP-HLE_EI", "GP-HLE_PI", "RF-HLE_UCB"], ["RANDOM_RANDOM", "RANDOM_RANDOM", "RF-HLE_PI", "GP-HLE_PI", "GP-HLE_EI", "RF-HLE_PI", "RF-HLE_PI", "GP-HLE_EI", "GP-HLE_PI", "GP-HLE_EI", "RF-HLE_EI", "RF-HLE_UCB"], ["RANDOM_RANDOM", "RANDOM_RANDOM", "RF-HLE_PI", "GP-HLE_PI", "RF-HLE_PI", "RF-HLE_UCB", "GP-HLE_EI", "GP-HLE_UCB", "GP-HLE_PI", "GP-HLE_UCB", "RF-HLE_PI"], ["RANDOM_RANDOM", "RANDOM_RANDOM", "GP-HLE_UCB", "RF-HLE_PI", "RF-HLE_EI", "GP-HLE_EI", "GP-HLE_UCB", "GP-HLE_EI", "GP-HLE_UCB", "GP-HLE_PI", "GP-HLE_UCB", "GP-HLE_PI", "GP-HLE_UCB"], ["RANDOM_RANDOM", "RANDOM_RANDOM", "GP-HLE_UCB", "RF-HLE_UCB", "RF-HLE_PI", "GP-HLE_UCB", "RF-HLE_UCB", "RF-HLE_UCB", "GP-HLE_EI", "RF-HLE_PI", "RF-HLE_UCB", "RF-HLE_EI", "RF-HLE_PI"], ["RANDOM_RANDOM", "RANDOM_RANDOM", "GP-HLE_UCB", "RF-HLE_EI", "GP-HLE_UCB", "GP-HLE_UCB", "GP-HLE_UCB", "GP-HLE_EI", "RF-HLE_UCB", "GP-HLE_UCB", "GP-HLE_UCB"]], "exec_time": [[4642.319019, 4526.99223, 4337.077955, 3344.090057, 6485.71984, 1765.3787233500002, 1901.9869720499998, 2319.61764078, 2534.0427446400004, 6731.026122, 2446.2966825, 1904.56204653, 2516.60588586], [8145.1891510000005, 4674.670701, 3274.488341, 6309.1355810000005, 1765.3787233500002, 2343.9943388399997, 2171.21120337, 2319.61764078, 2384.82384624, 2394.37324566, 6101.960016, 2378.11941345], [4372.381657, 3392.575051, 4211.294870000001, 4441.425862, 1770.1784099999998, 2183.89308291, 1904.1762280199998, 7734.13997, 5383.5307219999995, 2304.1596359099995, 7065.142356], [3347.815277, 4793.612568, 4660.34369, 3274.488341, 1330.1387002200001, 7467.970456, 1927.71208146, 2223.75955197, 2534.0427446400004, 2384.82384624, 6982.3019269999995, 1760.67214224, 1904.56204653], [5858.009690999999, 5666.75195, 4803.113204, 4707.7822909999995, 2560.6026068700003, 1778.31194343, 2343.9943388399997, 2182.83057465, 6731.026122, 2236.88013285, 2446.2966825, 1754.18399442, 1697.99731101], [4654.846959, 4319.8825640000005, 4646.453624, 3290.7615960000003, 1278.73022541, 6729.9547569999995, 2415.52884012, 2534.0427446400004, 2542.06726191, 6982.3019269999995, 7328.616479]], "opt_time": [[0.0, 0.0, 0.26999998092651367, 0.2800002098083496, 0.27699995040893555, 0.27699995040893555, 0.1979999542236328, 0.15699982643127441, 0.24499988555908203, 0.24000000953674316, 0.21300005912780762, 0.26200008392333984, 0.2820000648498535], [0.0, 0.0, 0.2999999523162842, 0.1640000343322754, 0.19300007820129395, 0.28600001335144043, 0.2779998779296875, 0.17400002479553223, 0.21800017356872559, 0.22799992561340332, 0.3149998188018799, 0.3039999008178711], [0.0, 0.0, 0.2849998474121094, 0.12400007247924805, 0.2929999828338623, 0.36500000953674316, 0.24500012397766113, 0.14999985694885254, 0.2109999656677246, 0.31400012969970703, 0.2950000762939453], [0.0, 0.0, 0.09500002861022949, 0.2799999713897705, 0.2969999313354492, 0.1549999713897705, 0.15799999237060547, 0.1679999828338623, 0.17299985885620117, 0.21200013160705566, 0.20600008964538574, 0.24000000953674316, 0.28800010681152344], [0.0, 0.0, 0.11400008201599121, 0.307999849319458, 0.27500009536743164, 0.1399998664855957, 0.38899993896484375, 0.28999996185302734, 0.3059999942779541, 0.35199999809265137, 0.31099987030029297, 0.3299999237060547, 0.29000020027160645], [0.0, 0.0, 0.125, 0.3789999485015869, 0.14400005340576172, 0.18599987030029297, 0.20000004768371582, 0.2049999237060547, 0.28800010681152344, 0.23199987411499023, 0.2219998836517334]], "model_idx": [[6691, 2450, 5297, 905, 3107, 85, 2189, 4189, 5619, 4365, 5549, 6917, 5459], [6112, 6324, 297, 2891, 85, 5085, 3085, 4189, 4619, 4549, 3687, 5389], [1092, 970, 4297, 4801, 4917, 4085, 1619, 6497, 4657, 5365, 5999], [91, 5781, 6791, 297, 3513, 5891, 6427, 3189, 5619, 4619, 5365, 4937, 6917], [1726, 1343, 5801, 6905, 6085, 4427, 5085, 4285, 4365, 3549, 5549, 687, 4893], [6297, 4146, 6467, 979, 2019, 3497, 5189, 5619, 5285, 5365, 4027]], "metrics": [], "iters": [13, 12, 11, 13, 13, 11], "num_duplicates": [0, 0, 0, 0, 0, 0], "cum_opt_time": [[0.0, 0.0, 0.26999998092651367, 0.5500001907348633, 0.8270001411437988, 1.1040000915527344, 1.3020000457763672, 1.4589998722076416, 1.7039997577667236, 1.9439997673034668, 2.1569998264312744, 2.4189999103546143, 2.7009999752044678], [0.0, 0.0, 0.2999999523162842, 0.46399998664855957, 0.6570000648498535, 0.943000078201294, 1.2209999561309814, 1.3949999809265137, 1.6130001544952393, 1.8410000801086426, 2.1559998989105225, 2.4599997997283936], [0.0, 0.0, 0.2849998474121094, 0.4089999198913574, 0.7019999027252197, 1.066999912261963, 1.312000036239624, 1.4619998931884766, 1.6729998588562012, 1.9869999885559082, 2.2820000648498535], [0.0, 0.0, 0.09500002861022949, 0.375, 0.6719999313354492, 0.8269999027252197, 0.9849998950958252, 1.1529998779296875, 1.3259997367858887, 1.5379998683929443, 1.74399995803833, 1.9839999675750732, 2.2720000743865967], [0.0, 0.0, 0.11400008201599121, 0.4219999313354492, 0.6970000267028809, 0.8369998931884766, 1.2259998321533203, 1.5159997940063477, 1.8219997882843018, 2.173999786376953, 2.484999656677246, 2.814999580383301, 3.1049997806549072], [0.0, 0.0, 0.125, 0.5039999485015869, 0.6480000019073486, 0.8339998722076416, 1.0339999198913574, 1.238999843597412, 1.5269999504089355, 1.7589998245239258, 1.9809997081756592]],