{
    "0": {
        "cum_exec_time": [
            [4053.807178, 7663.521738, 14304.923982, 19979.477753, 25303.476930999997, 30907.89963, 35939.417443, 42782.191413, 47928.912319],
            [4030.226806, 8257.633579, 15963.873278, 21770.394196, 28911.324382, 35253.944235, 42319.086591, 48261.575611],
            [4224.613386, 9243.511946, 15228.693886000001, 23453.61679, 29569.699814, 37329.101653, 43135.016096, 50238.029244],
            [3273.953932, 8249.078164999999, 16094.954463999999, 23806.756071999996, 27635.446938999998, 35217.237702, 41835.095529, 49621.593243999996],
            [7861.111187, 14996.971731000001, 20238.32806, 24178.204482, 31922.342032, 36336.318694, 40989.320167, 45820.032416],
            [6353.503577, 10979.940246, 15678.149261999999, 22752.218513, 29331.646402, 35596.567687, 40980.098409, 47532.333956999995]
        ],
        "force_terminate": false,
        "select_trace": [
            ["RANDOM_RANDOM", "RANDOM_RANDOM", "GP-HLE_UCB", "GP-HLE_EI", "RF-HLE_EI", "GP-HLE_PI", "GP-HLE_EI", "RF-HLE_EI", "GP-HLE_EI"],
            ["RANDOM_RANDOM", "RANDOM_RANDOM", "RF-HLE_PI", "GP-HLE_PI", "RF-HLE_PI", "GP-HLE_UCB", "GP-HLE_PI", "GP-HLE_UCB"],
            ["RANDOM_RANDOM", "RANDOM_RANDOM", "RF-HLE_EI", "RF-HLE_PI", "GP-HLE_PI", "GP-HLE_UCB", "GP-HLE_UCB", "RF-HLE_PI"],
            ["RANDOM_RANDOM", "RANDOM_RANDOM", "RF-HLE_PI", "RF-HLE_EI", "GP-HLE_EI", "GP-HLE_PI", "RF-HLE_EI", "RF-HLE_EI"],
            ["RANDOM_RANDOM", "RANDOM_RANDOM", "RF-HLE_UCB", "GP-HLE_PI", "GP-HLE_UCB", "RF-HLE_UCB", "GP-HLE_UCB", "RF-HLE_UCB"],
            ["RANDOM_RANDOM", "RANDOM_RANDOM", "RF-HLE_PI", "GP-HLE_PI", "RF-HLE_EI", "RF-HLE_EI", "GP-HLE_PI", "RF-HLE_UCB"]
        ],
        "exec_time": [
            [4053.807178, 3609.7145600000003, 6641.402244, 5674.553771, 5323.999178, 5604.422699000001, 5031.517813, 6842.77397, 5146.7209060000005],
            [4030.226806, 4227.406773, 7706.239699, 5806.520918, 7140.930186, 6342.619853, 7065.142356, 5942.48902],
            [4224.613386, 5018.8985600000005, 5985.1819399999995, 8224.922904000001, 6116.0830240000005, 7759.401839, 5805.914443, 7103.013148],
            [3273.953932, 4975.124233, 7845.876299, 7711.801608, 3828.6908670000003, 7581.790763, 6617.857827000001, 7786.497715],
            [7861.111187, 7135.860544, 5241.356329, 3939.876422, 7744.13755, 4413.976662, 4653.001472999999, 4830.712249],
            [6353.503577, 4626.436669, 4698.209016, 7074.069251000001, 6579.4278890000005, 6264.921285, 5383.5307219999995, 6552.235548]
        ],
        "opt_time": [
            [0.0, 0.0, 0.12400007247924805, 0.22499990463256836, 0.2779998779296875, 0.21000003814697266, 0.2090001106262207, 0.35900020599365234, 0.25499987602233887],
            [0.0, 0.0, 0.2799999713897705, 0.16000008583068848, 0.27499985694885254, 0.18999981880187988, 0.23600006103515625, 0.20000004768371582],
            [0.0, 0.0, 0.29000020027160645, 0.2999999523162842, 0.14299988746643066, 0.1529998779296875, 0.18199992179870605, 0.2839999198913574],
            [0.0, 0.0, 0.31999993324279785, 0.28999996185302734, 0.14499998092651367, 0.16499996185302734, 0.3280000686645508, 0.27900004386901855],
            [0.0, 0.0, 0.27499985694885254, 0.13000011444091797, 0.13400006294250488, 0.3900001049041748, 0.18199992179870605, 0.2850000858306885],
            [0.0, 0.0, 0.32399988174438477, 0.11500000953674316, 0.2849998474121094, 0.2799999713897705, 0.16000008583068848, 0.29000020027160645]
        ],
        "model_idx": [
            [910, 1413, 3291, 6839, 407, 1383, 6963, 4407, 975],
            [2405, 4064, 6009, 6269, 5291, 3225, 5999, 2697],
            [4591, 6446, 6599, 6833, 2291, 6085, 6377, 5085],
            [620, 623, 5851, 5009, 65, 5593, 4085, 5407],
            [6851, 5759, 291, 267, 6483, 1123, 5951, 3657],
            [2688, 6611, 6745, 4291, 3085, 2407, 4657, 3407]
        ],
        "metrics": [],
        "iters": [9, 8, 8, 8, 8, 8],
        "num_duplicates": [0, 0, 0, 0, 0, 0],
        "cum_opt_time": [
            [0.0, 0.0, 0.12400007247924805, 0.3489999771118164, 0.6269998550415039, 0.8369998931884766, 1.0460000038146973, 1.4050002098083496, 1.6600000858306885],
            [0.0, 0.0, 0.2799999713897705, 0.440000057220459, 0.7149999141693115, 0.9049997329711914, 1.1409997940063477, 1.3409998416900635],
            [0.0, 0.0, 0.29000020027160645, 0.5900001525878906, 0.7330000400543213, 0.8859999179840088, 1.0679998397827148, 1.3519997596740723],
            [0.0, 0.0, 0.31999993324279785, 0.6099998950958252, 0.7549998760223389, 0.9199998378753662, 1.247999906539917, 1.5269999504089355],
            [0.0, 0.0, 0.27499985694885254, 0.4049999713897705, 0.5390000343322754, 0.9290001392364502, 1.1110000610351562, 1.3960001468658447],
            [0.0, 0.0, 0.32399988174438477, 0.43899989128112793, 0.7239997386932373, 1.0039997100830078, 1.1639997959136963, 1.4539999961853027]
        ],
        "error": [
            [0.43669998600000004, 0.10850000400000004, 0.07529997799999999, 0.09219998099999993, 0.07499998799999996, 0.08600002500000004, 0.111500025, 0.07040000000000002, 0.08679997900000003],
            [0.12620001999999997, 0.3066999909999999, 0.0752000209999999, 0.08459997200000002, 0.07440000800000002, 0.0784000159999999, 0.079999983, 0.08910000299999998],
            [0.11809998799999999, 0.27579999, 0.07609999200000006, 0.08209997400000002, 0.0770999790000001, 0.07340002099999998, 0.09160000099999999, 0.07059997299999998],
            [0.414600015, 0.13330000599999992, 0.07899999599999996, 0.07429999099999995, 0.09310001099999998, 0.08789998300000001, 0.07020002599999997, 0.07139998700000005],
            [0.079200029, 0.09140002700000005, 0.07789999200000008, 0.09820002299999997, 0.095200002, 0.110499978, 0.09740000999999998, 0.07469999799999993],
            [0.1955000159999999, 0.12650001, 0.09810000699999999, 0.07359999400000006, 0.07359999400000006, 0.07179999400000003, 0.072300017, 0.0683000090000001]
        ],
        "accuracy": [
            [0.563300014, 0.891499996, 0.924700022, 0.9078000190000001, 0.925000012, 0.913999975, 0.888499975, 0.9296, 0.913200021],
            [0.87379998, 0.6933000090000001, 0.9247999790000001, 0.915400028, 0.925599992, 0.9215999840000001, 0.920000017, 0.910899997],
            [0.881900012, 0.72420001, 0.9239000079999999, 0.917900026, 0.9229000209999999, 0.926599979, 0.908399999, 0.929400027],
            [0.585399985, 0.8666999940000001, 0.921000004, 0.925700009, 0.906899989, 0.912100017, 0.929799974, 0.928600013],
            [0.920799971, 0.908599973, 0.9221000079999999, 0.901799977, 0.904799998, 0.889500022, 0.90259999, 0.9253000020000001],
            [0.8044999840000001, 0.87349999, 0.901899993, 0.9264000059999999, 0.9264000059999999, 0.928200006, 0.927699983, 0.9316999909999999]
        ]
    }
}