{"0": {"cum_exec_time": [[3784.2483520000005, 7558.446892, 11842.124007999999, 18230.618002, 24072.169764, 31298.908691999997, 39499.205798999996, 46818.990162999995], [5270.176466, 5307.37863021, 8868.505191209999, 13809.507978209998, 19326.067201209997, 27249.339865209997, 35095.216164209996, 42415.000528209996, 47460.03723020999], [4247.8799070000005, 9549.363213, 14938.187284, 19768.899533, 24693.036376, 30076.567098, 37835.968937, 46060.891841], [4723.695218, 4765.09003795, 8570.65570295, 13025.57543395, 19414.06942795, 25278.552906949997, 32844.29229495, 40603.69413395, 45641.72476095], [5503.118625, 9948.295619, 13779.016123000001, 18990.186520000003, 24753.783405000002, 29899.229802, 37422.004541, 44741.788905], [4067.560004, 4114.54692255, 7675.67348355, 12179.52396155, 16128.61976055, 20646.97037155, 25996.60286655, 32735.26817555, 39764.41254155, 47989.33544555]], "force_terminate": false, "select_trace": [["RANDOM_RANDOM", "RANDOM_RANDOM", "RF-HLE_EI", "GP-HLE_EI", "GP-HLE_PI", "GP-HLE_EI", "RF-HLE_EI", "GP-HLE_PI"], ["RANDOM_RANDOM", "RANDOM_RANDOM", "RF-HLE_PI", "GP-HLE_EI", "GP-HLE_UCB", "GP-HLE_UCB", "RF-HLE_EI", "GP-HLE_PI", "RF-HLE_UCB"], ["RANDOM_RANDOM", "RANDOM_RANDOM", "GP-HLE_EI", "GP-HLE_PI", "GP-HLE_EI", "RF-HLE_PI", "GP-HLE_EI", "RF-HLE_EI"], ["RANDOM_RANDOM", "RANDOM_RANDOM", "GP-HLE_PI", "GP-HLE_PI", "GP-HLE_PI", "GP-HLE_PI", "GP-HLE_EI", "GP-HLE_UCB", "RF-HLE_PI"], ["RANDOM_RANDOM", "RANDOM_RANDOM", "RF-HLE_UCB", "RF-HLE_EI", "GP-HLE_PI", "RF-HLE_PI", "RF-HLE_UCB", "RF-HLE_UCB"], ["RANDOM_RANDOM", "RANDOM_RANDOM", "RF-HLE_PI", "GP-HLE_UCB", "RF-HLE_UCB", "RF-HLE_EI", "GP-HLE_UCB", "GP-HLE_PI", "GP-HLE_PI", "RF-HLE_EI"]], "exec_time": [[3784.2483520000005, 3774.19854, 4283.677116, 6388.4939939999995, 5841.551762, 7226.738928, 8200.297106999999, 7319.784364], [5270.176466, 37.20216421, 3561.126561, 4941.002786999999, 5516.559222999999, 7923.272664, 7845.876299, 7319.784364, 5045.036702], [4247.8799070000005, 5301.483306, 5388.824071, 4830.712249, 4924.136843, 5383.5307219999995, 7759.401839, 8224.922904000001], [4723.695218, 41.39481995, 3805.5656649999996, 4454.919731, 6388.4939939999995, 5864.4834789999995, 7565.739388, 7759.401839, 5038.030627], [5503.118625, 4445.1769939999995, 3830.720504, 5211.170397, 5763.596885, 5145.446397, 7522.774739, 7319.784364], [4067.560004, 46.98691855, 3561.126561, 4503.850478, 3949.095799, 4518.350611, 5349.632495000001, 6738.665309, 7029.1443659999995, 8224.922904000001]], "opt_time": [[0.0, 0.0, 0.442000150680542, 0.14100003242492676, 0.1659998893737793, 0.1700000762939453, 0.27900004386901855, 0.19099998474121094], [0.0009999275207519531, 0.0, 0.30299997329711914, 0.14899992942810059, 0.18600010871887207, 0.13299989700317383, 0.34399986267089844, 0.2389998435974121, 0.2849998474121094], [0.0, 0.0, 0.14699983596801758, 0.1809999942779541, 0.15799999237060547, 0.31400012969970703, 0.1700000762939453, 0.2890000343322754], [0.0, 0.0, 0.13299989700317383, 0.1679999828338623, 0.13699984550476074, 0.15199995040893555, 0.14400005340576172, 0.1770000457763672, 0.27300000190734863], [0.0, 0.0, 0.27500009536743164, 0.3659999370574951, 0.16499996185302734, 0.37199997901916504, 0.28099989891052246, 0.31400012969970703], [0.0, 0.0, 0.2739999294281006, 0.12599992752075195, 0.2820000648498535, 0.28999996185302734, 0.1490001678466797, 0.1700000762939453, 0.15799999237060547, 0.2850000858306885]], "model_idx": [[1727, 1114, 4003, 3027, 6427, 4619, 6254, 5189], [4541, 2780, 727, 3427, 1325, 6619, 5851, 5189, 6703], [4113, 4753, 4427, 3657, 189, 4657, 6085, 6833], [6195, 3260, 2679, 2567, 3027, 2619, 6975, 6085, 6337], [1971, 5406, 1045, 325, 2189, 4893, 6189, 5189], [2775, 6462, 727, 2427, 937, 2051, 85, 3189, 4189, 6833]], "metrics": [], "iters": [8, 9, 8, 9, 8, 10], "num_duplicates": [0, 0, 0, 0, 0, 0], "cum_opt_time": [[0.0, 0.0, 0.442000150680542, 0.5830001831054688, 0.749000072479248, 0.9190001487731934, 1.198000192642212, 1.3890001773834229], [0.0009999275207519531, 0.0009999275207519531, 0.3039999008178711, 0.4529998302459717, 0.6389999389648438, 0.7719998359680176, 1.115999698638916, 1.3549995422363281, 1.6399993896484375], [0.0, 0.0, 0.14699983596801758, 0.3279998302459717, 0.48599982261657715, 0.7999999523162842, 0.9700000286102295, 1.2590000629425049], [0.0, 0.0, 0.13299989700317383, 0.30099987983703613, 0.4379997253417969, 0.5899996757507324, 0.7339997291564941, 0.9109997749328613, 1.18399977684021], [0.0, 0.0, 0.27500009536743164, 0.6410000324249268, 0.8059999942779541, 1.1779999732971191, 1.4589998722076416, 1.7730000019073486], [0.0, 0.0, 0.2739999294281006, 0.39999985694885254, 0.681999921798706, 0.9719998836517334, 1.121000051498413, 1.2910001277923584, 1.4490001201629639, 1.7340002059936523]], "error": [[0.11019998799999997, 0.310699999, 0.15179997700000003, 0.07389998400000009, 0.07679998900000007, 0.07300001400000011, 0.10720002699999998, 0.07109999700000003], [0.11570000599999997, 0.854399994, 0.1126000290000001, 0.078800023, 0.09079998700000003, 0.07029998299999995, 0.07899999599999996, 0.07109999700000003, 0.09839999700000002], [0.1104000209999999, 0.10339999200000005, 0.07469999799999993, 0.07469999799999993, 0.07469999799999993, 0.072300017, 0.07340002099999998, 0.08209997400000002], [0.1323000190000001, 0.845500007, 0.09350001799999996, 0.07770001900000001, 0.07389998400000009, 0.07450002400000011, 0.07959997699999999, 0.07340002099999998, 0.08240002400000002], [0.11489999299999998, 0.196200013, 0.07679998900000007, 0.08420002500000001, 0.07179999400000003, 0.07440000800000002, 0.06669998200000005, 0.07109999700000003], [0.16549998499999996, 0.8505000030000001, 0.1126000290000001, 0.0770999790000001, 0.07510000500000003, 0.095200002, 0.08039998999999998, 0.06959998599999995, 0.07099997999999996, 0.08209997400000002]], "accuracy": [[0.889800012, 0.689300001, 0.848200023, 0.9261000159999999, 0.9232000109999999, 0.9269999859999999, 0.892799973, 0.928900003], [0.884299994, 0.145600006, 0.8873999709999999, 0.921199977, 0.909200013, 0.929700017, 0.921000004, 0.928900003, 0.901600003], [0.8895999790000001, 0.896600008, 0.9253000020000001, 0.9253000020000001, 0.9253000020000001, 0.927699983, 0.926599979, 0.917900026], [0.8676999809999999, 0.15449999299999995, 0.906499982, 0.922299981, 0.9261000159999999, 0.9254999759999999, 0.920400023, 0.926599979, 0.917599976], [0.885100007, 0.803799987, 0.9232000109999999, 0.915799975, 0.928200006, 0.925599992, 0.933300018, 0.928900003], [0.834500015, 0.14949999699999994, 0.8873999709999999, 0.9229000209999999, 0.924899995, 0.904799998, 0.91960001, 0.930400014, 0.92900002, 0.917900026]]}}