{
    "0": {
        "cum_exec_time": [
            [3541.132393, 9883.752246, 15841.58259, 20420.003441, 26789.02875, 31777.907102, 38043.517652, 44821.942297],
            [3530.2497280000002, 4839.34346362, 9882.36723362, 13874.53978262, 20260.69749762, 26230.98345862, 31732.228281620002, 34117.05212786, 39342.43065186, 44031.34311986],
            [4177.13561, 10761.893981000001, 16128.328892000001, 21295.309910000004, 25706.062959000003, 31570.546438, 39249.463846, 45540.324493],
            [3312.1199, 6880.588873, 10462.200926, 16956.80274, 21950.744842, 27161.915239, 31100.910716000002, 36772.276788, 44338.016176000005],
            [5611.992284, 10556.843605999999, 17751.835911, 24750.906186, 29303.746431, 37431.447907, 43744.414417],
            [5669.373034, 12714.168707, 17061.33601, 23261.734582999998, 28188.596654999998, 31935.110862999998, 38178.587409, 45319.517595]
        ],
        "force_terminate": false,
        "select_trace": [
            ["RANDOM_RANDOM", "RANDOM_RANDOM", "GP-HLE_PI", "RF-HLE_EI", "GP-HLE_PI", "RF-HLE_EI", "GP-HLE_EI", "GP-HLE_UCB"],
            ["RANDOM_RANDOM", "RANDOM_RANDOM", "GP-HLE_EI", "RF-HLE_UCB", "GP-HLE_PI", "GP-HLE_EI", "RF-HLE_UCB", "RF-HLE_UCB", "RF-HLE_UCB", "GP-HLE_PI"],
            ["RANDOM_RANDOM", "RANDOM_RANDOM", "RF-HLE_EI", "RF-HLE_UCB", "GP-HLE_PI", "GP-HLE_UCB", "GP-HLE_EI", "GP-HLE_UCB"],
            ["RANDOM_RANDOM", "RANDOM_RANDOM", "RF-HLE_UCB", "GP-HLE_EI", "RF-HLE_PI", "GP-HLE_PI", "RF-HLE_UCB", "RF-HLE_PI", "GP-HLE_UCB"],
            ["RANDOM_RANDOM", "RANDOM_RANDOM", "RF-HLE_PI", "GP-HLE_PI", "RF-HLE_EI", "RF-HLE_PI", "GP-HLE_EI"],
            ["RANDOM_RANDOM", "RANDOM_RANDOM", "RF-HLE_UCB", "GP-HLE_PI", "GP-HLE_UCB", "RF-HLE_EI", "RF-HLE_EI", "RF-HLE_EI"]
        ],
        "exec_time": [
            [3541.132393, 6342.619853, 5957.830344, 4578.420851, 6369.025309000001, 4988.878352000001, 6265.61055, 6778.424645],
            [3530.2497280000002, 1309.09373562, 5043.023770000001, 3992.1725490000003, 6386.157715, 5970.285961, 5501.244823, 2384.82384624, 5225.378524000001, 4688.9124679999995],
            [4177.13561, 6584.758371, 5366.434911, 5166.981018, 4410.753049, 5864.4834789999995, 7678.917408, 6290.8606469999995],
            [3312.1199, 3568.4689729999996, 3581.6120530000003, 6494.601814, 4993.942102, 5211.170397, 3938.9954770000004, 5671.366072, 7565.739388],
            [5611.992284, 4944.8513219999995, 7194.992305, 6999.070275, 4552.840245, 8127.701476, 6312.96651],
            [5669.373034, 7044.7956730000005, 4347.167303, 6200.3985729999995, 4926.862072, 3746.5142079999996, 6243.476546, 7140.930186]
        ],
        "opt_time": [
            [0.0, 0.0, 0.14499998092651367, 0.3230001926422119, 0.14499998092651367, 0.2739999294281006, 0.20600008964538574, 0.2070000171661377],
            [0.0, 0.0, 0.11899995803833008, 0.2709999084472656, 0.16500020027160645, 0.1549999713897705, 0.2849998474121094, 0.2980000972747803, 0.30299997329711914, 0.21499991416931152],
            [0.0, 0.0, 0.2910001277923584, 0.4350001811981201, 0.13900017738342285, 0.2390000820159912, 0.18000006675720215, 0.25300002098083496],
            [0.0, 0.0, 0.2990000247955322, 0.16499996185302734, 0.28800010681152344, 0.21000003814697266, 0.33499979972839355, 0.29600000381469727, 0.25499987602233887],
            [0.0, 0.0, 0.2799999713897705, 0.1380000114440918, 0.29400014877319336, 0.3450000286102295, 0.2049999237060547],
            [0.0, 0.0, 0.26799988746643066, 0.14499998092651367, 0.19499993324279785, 0.3600001335144043, 0.44499993324279785, 0.31999993324279785]
        ],
        "model_idx": [
            [1601, 3225, 2027, 2175, 2321, 3175, 2895, 3549],
            [703, 3560, 447, 3347, 3447, 2975, 5175, 4619, 4175, 2819],
            [4852, 3586, 225, 619, 1175, 2619, 5619, 3735],
            [702, 1825, 207, 3593, 27, 325, 175, 5567, 6975],
            [1995, 6829, 4225, 5027, 5099, 6027, 2497],
            [5830, 4873, 3645, 2225, 3839, 2359, 3619, 5291]
        ],
        "metrics": [],
        "iters": [8, 10, 8, 9, 7, 8],
        "num_duplicates": [0, 0, 0, 0, 0, 0],
        "cum_opt_time": [
            [0.0, 0.0, 0.14499998092651367, 0.4680001735687256, 0.6130001544952393, 0.8870000839233398, 1.0930001735687256, 1.3000001907348633],
            [0.0, 0.0, 0.11899995803833008, 0.3899998664855957, 0.5550000667572021, 0.7100000381469727, 0.994999885559082, 1.2929999828338623, 1.5959999561309814, 1.810999870300293],
            [0.0, 0.0, 0.2910001277923584, 0.7260003089904785, 0.8650004863739014, 1.1040005683898926, 1.2840006351470947, 1.5370006561279297],
            [0.0, 0.0, 0.2990000247955322, 0.46399998664855957, 0.752000093460083, 0.9620001316070557, 1.2969999313354492, 1.5929999351501465, 1.8479998111724854],
            [0.0, 0.0, 0.2799999713897705, 0.4179999828338623, 0.7120001316070557, 1.0570001602172852, 1.2620000839233398],
            [0.0, 0.0, 0.26799988746643066, 0.41299986839294434, 0.6079998016357422, 0.9679999351501465, 1.4129998683929443, 1.7329998016357422]
        ],
        "error": [
            [0.236599982, 0.0784000159999999, 0.07639998199999998, 0.072300017, 0.11449998599999989, 0.06879997299999996, 0.11070001099999993, 0.0752000209999999],
            [0.09969997400000008, 0.419700027, 0.08819997299999993, 0.11909997500000002, 0.08319997800000001, 0.08939999300000001, 0.07029998299999995, 0.174700022, 0.06879997299999996, 0.07770001900000001],
            [0.284500003, 0.18470001200000008, 0.079200029, 0.07810002599999999, 0.07550001099999992, 0.07450002400000011, 0.07040000000000002, 0.078499973],
            [0.2602000240000001, 0.12730002400000007, 0.132200003, 0.09179997400000006, 0.07819998299999997, 0.08420002500000001, 0.07380002699999999, 0.07690000500000005, 0.07959997699999999],
            [0.120999992, 0.11619997000000004, 0.07749998599999997, 0.07069999000000005, 0.10839998699999998, 0.07340002099999998, 0.08920002000000005],
            [0.151899993, 0.088999987, 0.09439998900000002, 0.07870000599999993, 0.08689999599999998, 0.10629999599999995, 0.07220000000000004, 0.07440000800000002]
        ],
        "accuracy": [
            [0.763400018, 0.9215999840000001, 0.923600018, 0.927699983, 0.8855000140000001, 0.931200027, 0.8892999890000001, 0.9247999790000001],
            [0.9003000259999999, 0.580299973, 0.9118000270000001, 0.880900025, 0.916800022, 0.910600007, 0.929700017, 0.825299978, 0.931200027, 0.922299981],
            [0.715499997, 0.8152999879999999, 0.920799971, 0.921899974, 0.9244999890000001, 0.9254999759999999, 0.9296, 0.921500027],
            [0.7397999759999999, 0.8726999759999999, 0.867799997, 0.9082000259999999, 0.921800017, 0.915799975, 0.926199973, 0.923099995, 0.920400023],
            [0.879000008, 0.88380003, 0.922500014, 0.92930001, 0.891600013, 0.926599979, 0.91079998],
            [0.848100007, 0.911000013, 0.905600011, 0.9212999940000001, 0.913100004, 0.893700004, 0.9278, 0.925599992]
        ]
    }
}