{
    "0": {
        "cum_exec_time": [
            [44.20086977, 84.22830142, 131.28339357, 178.37955971999997, 5295.25370272, 9135.22942572, 12608.040712719998, 17520.716122719998, 22526.05176272, 30729.689847719997, 36680.682069719995, 44816.35773372],
            [3286.075553, 3332.97620457, 3374.6933251299997, 3418.40226576, 8061.97532476, 15053.26960076, 22611.87868676, 28415.60640376, 33122.54603576, 37742.27430076, 43606.75777976],
            [47.24597267, 7948.3751626700005, 15871.64782667, 22673.88497767, 27141.65671567, 34368.39564367, 38652.575629670006, 44153.82045267001],
            [35.68972513, 5402.12463613, 9465.65122813, 13672.104512130001, 20402.05926913, 25886.44875913, 31992.84929613, 37682.46294913, 43524.01471113],
            [4568.362207, 4604.16972638, 10941.98618138, 18507.72556938, 26186.64297738, 31333.36388338, 39092.76572238, 46348.44222438],
            [46.23259641, 4733.351913410001, 10069.37456641, 15680.189374410002, 20302.421304410003, 24516.044609410004, 29442.906681410004, 33910.50266641, 37644.83418741, 43643.07104641]
        ],
        "force_terminate": false,
        "select_trace": [
            ["RANDOM_RANDOM", "RANDOM_RANDOM", "RF-HLE_UCB", "GP-HLE_EI", "GP-HLE_PI", "GP-HLE_UCB", "GP-HLE_EI", "RF-HLE_PI", "RF-HLE_EI", "GP-HLE_UCB", "RF-HLE_UCB", "GP-HLE_UCB"],
            ["RANDOM_RANDOM", "RANDOM_RANDOM", "GP-HLE_UCB", "RF-HLE_PI", "RF-HLE_PI", "RF-HLE_PI", "RF-HLE_PI", "RF-HLE_UCB", "RF-HLE_UCB", "RF-HLE_PI", "RF-HLE_PI"],
            ["RANDOM_RANDOM", "RANDOM_RANDOM", "RF-HLE_PI", "GP-HLE_UCB", "RF-HLE_PI", "RF-HLE_UCB", "GP-HLE_EI", "RF-HLE_PI"],
            ["RANDOM_RANDOM", "RANDOM_RANDOM", "GP-HLE_UCB", "RF-HLE_EI", "GP-HLE_EI", "GP-HLE_EI", "RF-HLE_EI", "RF-HLE_PI", "RF-HLE_PI"],
            ["RANDOM_RANDOM", "RANDOM_RANDOM", "GP-HLE_UCB", "GP-HLE_EI", "RF-HLE_UCB", "GP-HLE_UCB", "GP-HLE_UCB", "GP-HLE_EI"],
            ["RANDOM_RANDOM", "RANDOM_RANDOM", "GP-HLE_UCB", "RF-HLE_UCB", "GP-HLE_EI", "GP-HLE_UCB", "GP-HLE_PI", "RF-HLE_PI", "RF-HLE_UCB", "RF-HLE_UCB"]
        ],
        "exec_time": [
            [44.20086977, 40.02743165, 47.05509215, 47.09616615, 5116.874143, 3839.9757229999996, 3472.8112869999995, 4912.67541, 5005.33564, 8203.638084999999, 5950.992222, 8135.675664],
            [3286.075553, 46.90065157, 41.717120560000005, 43.70894063000001, 4643.573059, 6991.2942760000005, 7558.609086, 5803.727717, 4706.939632, 4619.728265, 5864.4834789999995],
            [47.24597267, 7901.129190000001, 7923.272664, 6802.237151, 4467.771738, 7226.738928, 4284.179986, 5501.244823],
            [35.68972513, 5366.434911, 4063.526592, 4206.453284, 6729.9547569999995, 5484.38949, 6106.4005369999995, 5689.613653, 5841.551762],
            [4568.362207, 35.80751938, 6337.816455, 7565.739388, 7678.917408, 5146.7209060000005, 7759.401839, 7255.676501999999],
            [46.23259641, 4687.119317000001, 5336.022653, 5610.814808, 4622.23193, 4213.623305, 4926.862072, 4467.595985, 3734.331521, 5998.236859000001]
        ],
        "opt_time": [
            [0.0, 0.0, 0.2760000228881836, 0.13100004196166992, 0.11500000953674316, 0.18700003623962402, 0.15199995040893555, 0.31800007820129395, 0.2799999713897705, 0.22100019454956055, 0.34400010108947754, 0.2720000743865967],
            [0.0, 0.0, 0.15199995040893555, 0.3510000705718994, 0.2849998474121094, 0.2990000247955322, 0.29200005531311035, 0.28999996185302734, 0.3659999370574951, 0.3190000057220459, 0.3020000457763672],
            [0.0, 0.0, 0.3540000915527344, 0.125, 0.32200002670288086, 0.2849998474121094, 0.2929999828338623, 0.29600000381469727],
            [0.0, 0.0, 0.16299986839294434, 0.28600001335144043, 0.21499991416931152, 0.16499996185302734, 0.28099989891052246, 0.3080000877380371, 0.28600001335144043],
            [0.0, 0.0, 0.12199997901916504, 0.17200016975402832, 0.35500001907348633, 0.1770000457763672, 0.1770000457763672, 0.27900004386901855],
            [0.0, 0.0, 0.1380000114440918, 0.3380000591278076, 0.1699998378753662, 0.18700003623962402, 0.21499991416931152, 0.3489999771118164, 0.2950000762939453, 0.2799999713897705]
        ],
        "model_idx": [
            [5544, 3202, 6474, 6773, 6045, 917, 45, 5045, 6105, 6325, 6175, 6223],
            [751, 6634, 4765, 4021, 6077, 5225, 6225, 6065, 6495, 2917, 2619],
            [3432, 5735, 6619, 3365, 4045, 4619, 3287, 5175],
            [1662, 225, 561, 1917, 3497, 1291, 2254, 5917, 6427],
            [6752, 1442, 3891, 6975, 5619, 975, 6085, 4549],
            [6794, 2959, 735, 1735, 2879, 1427, 3839, 4531, 1277, 6937]
        ],
        "metrics": [],
        "iters": [12, 11, 8, 9, 8, 10],
        "num_duplicates": [0, 0, 0, 0, 0, 0],
        "cum_opt_time": [
            [0.0, 0.0, 0.2760000228881836, 0.4070000648498535, 0.5220000743865967, 0.7090001106262207, 0.8610000610351562, 1.1790001392364502, 1.4590001106262207, 1.6800003051757812, 2.024000406265259, 2.2960004806518555],
            [0.0, 0.0, 0.15199995040893555, 0.503000020980835, 0.7879998683929443, 1.0869998931884766, 1.378999948501587, 1.6689999103546143, 2.0349998474121094, 2.3539998531341553, 2.6559998989105225],
            [0.0, 0.0, 0.3540000915527344, 0.4790000915527344, 0.8010001182556152, 1.0859999656677246, 1.378999948501587, 1.6749999523162842],
            [0.0, 0.0, 0.16299986839294434, 0.44899988174438477, 0.6639997959136963, 0.8289997577667236, 1.109999656677246, 1.4179997444152832, 1.7039997577667236],
            [0.0, 0.0, 0.12199997901916504, 0.29400014877319336, 0.6490001678466797, 0.8260002136230469, 1.003000259399414, 1.2820003032684326],
            [0.0, 0.0, 0.1380000114440918, 0.4760000705718994, 0.6459999084472656, 0.8329999446868896, 1.0479998588562012, 1.3969998359680176, 1.691999912261963, 1.9719998836517334]
        ],
        "error": [
            [0.8748999980000001, 0.863399997, 0.878899999, 0.862000003, 0.07459998099999998, 0.076300025, 0.079200029, 0.07270002400000009, 0.09689998599999994, 0.08069998, 0.07029998299999995, 0.06790000200000001],
            [0.12660002700000006, 0.867799997, 0.800699994, 0.853400007, 0.14219999299999997, 0.07770001900000001, 0.07560002799999999, 0.08490002200000002, 0.09640002299999995, 0.07289999700000005, 0.07450002400000011],
            [0.847499996, 0.0770999790000001, 0.07029998299999995, 0.07550001099999992, 0.07429999099999995, 0.07300001400000011, 0.08799999999999997, 0.07029998299999995],
            [0.821099997, 0.079200029, 0.09710001900000009, 0.07539999500000005, 0.08630001499999995, 0.0799000259999999, 0.10769998999999997, 0.07270002400000009, 0.07679998900000007],
            [0.34030002400000003, 0.898400001, 0.08060002300000002, 0.07959997699999999, 0.07040000000000002, 0.08679997900000003, 0.07340002099999998, 0.06800001900000008],
            [0.899999999, 0.11189997200000001, 0.07829999900000006, 0.07980001000000003, 0.07469999799999993, 0.07510000500000003, 0.08689999599999998, 0.07829999900000006, 0.10269999500000004, 0.06940001200000001]
        ],