{"0": {"cum_exec_time": [[5802.307713, 10118.120723, 16576.111023, 23307.137145, 25841.17988964, 27358.27262526, 29918.87523213, 31898.2933956, 33868.48776273, 35557.05622992, 38151.222921630004, 40720.76716758, 40766.90038366, 43451.67335278], [4198.257640999999, 8551.853444, 15608.708426, 20687.57501, 23302.25498912, 25836.29773376, 27748.51677557, 29254.30371515, 31014.97585739, 32669.90728895, 38435.40314595, 41120.17611507, 43721.44708539], [8204.969092, 13467.583574999999, 20163.961153, 28087.233817, 30249.47154784, 32507.58695794, 34206.00485692, 36621.53369704, 38648.09637331, 41332.86934243, 43934.14031275], [4010.820358, 8720.848505, 15943.621153, 23663.022243, 25334.515202399998, 27678.509541239997, 30239.112148109998, 31999.78429035, 33654.71572191, 36070.24456203, 38664.41125374, 46800.08691774], [4269.632521, 7904.151275, 13115.321672, 20160.117345, 22712.94017349, 29907.932478489998, 32390.448142359997, 33923.777838279995, 36339.3066784, 37956.99793336, 39983.560609629996, 42553.10485557999, 45154.375825899995], [3294.497356, 9243.960191999999, 16226.262118999999, 23784.871205, 26318.91394964, 28231.13299145, 30615.95683769, 32270.888269249997, 34913.55784319, 36387.92251673, 38293.657285580004, 40320.21996185, 42921.49093217, 44885.31836543]], "force_terminate": false, "select_trace": [["RANDOM_RANDOM", "RANDOM_RANDOM", "GP-HLE_PI", "GP-HLE_PI", "GP-HLE_PI", "RF-HLE_EI", "GP-HLE_EI", "RF-HLE_PI", "GP-HLE_EI", "RF-HLE_PI", "GP-HLE_EI", "GP-HLE_UCB", "GP-HLE_EI", "GP-HLE_UCB"], ["RANDOM_RANDOM", "RANDOM_RANDOM", "RF-HLE_UCB", "RF-HLE_EI", "GP-HLE_EI", "RF-HLE_PI", "GP-HLE_PI", "RF-HLE_PI", "GP-HLE_PI", "RF-HLE_UCB", "GP-HLE_UCB", "GP-HLE_EI", "RF-HLE_UCB"], ["RANDOM_RANDOM", "RANDOM_RANDOM", "RF-HLE_EI", "GP-HLE_EI", "RF-HLE_UCB", "GP-HLE_PI", "GP-HLE_UCB", "GP-HLE_PI", "RF-HLE_PI", "GP-HLE_PI", "RF-HLE_UCB"], ["RANDOM_RANDOM", "RANDOM_RANDOM", "RF-HLE_UCB", "RF-HLE_UCB", "RF-HLE_EI", "GP-HLE_EI", "RF-HLE_UCB", "GP-HLE_PI", "RF-HLE_EI", "RF-HLE_PI", "GP-HLE_PI", "GP-HLE_UCB"], ["RANDOM_RANDOM", "RANDOM_RANDOM", "GP-HLE_UCB", "GP-HLE_EI", "RF-HLE_EI", "GP-HLE_PI", "GP-HLE_EI", "RF-HLE_EI", "RF-HLE_UCB", "RF-HLE_EI", "RF-HLE_UCB", "GP-HLE_UCB", "RF-HLE_PI"], ["RANDOM_RANDOM", "RANDOM_RANDOM", "GP-HLE_PI", "GP-HLE_UCB", "GP-HLE_PI", "RF-HLE_EI", "GP-HLE_PI", "RF-HLE_UCB", "GP-HLE_EI", "GP-HLE_EI", "RF-HLE_EI", "RF-HLE_UCB", "RF-HLE_UCB", "RF-HLE_UCB"]], "exec_time": [[5802.307713, 4315.81301, 6457.9903, 6731.026122, 2534.0427446400004, 1517.09273562, 2560.6026068700003, 1979.4181634700003, 1970.1943671299998, 1688.5684671899999, 2594.16669171, 2569.54424595, 46.133216080000004, 2684.77296912], [4198.257640999999, 4353.595803, 7056.854981999999, 5078.866584, 2614.6799791199996, 2534.0427446400004, 1912.2190418100001, 1505.78693958, 1760.67214224, 1654.93143156, 5765.495857, 2684.77296912, 2601.27097032], [8204.969092, 5262.614482999999, 6696.3775780000005, 7923.272664, 2162.23773084, 2258.1154101, 1698.41789898, 2415.52884012, 2026.5626762699997, 2684.77296912, 2601.27097032], [4010.820358, 4710.028147, 7222.772648, 7719.40109, 1671.4929594, 2343.9943388399997, 2560.6026068700003, 1760.67214224, 1654.93143156, 2415.52884012, 2594.16669171, 8135.675664], [4269.632521, 3634.5187539999997, 5211.170397, 7044.7956730000005, 2552.82282849, 7194.992305, 2482.51566387, 1533.32969592, 2415.52884012, 1617.6912549600002, 2026.5626762699997, 2569.54424595, 2601.27097032], [3294.497356, 5949.462836, 6982.3019269999995, 7558.609086, 2534.0427446400004, 1912.2190418100001, 2384.82384624, 1654.93143156, 2642.66957394, 1474.3646735400002, 1905.7347688500001, 2026.5626762699997, 2601.27097032, 1963.82743326]], "opt_time": [[0.0, 0.0, 0.09800004959106445, 0.16000008583068848, 0.13299989700317383, 0.2779998779296875, 0.14499998092651367, 0.317000150680542, 0.18400001525878906, 0.3040001392364502, 0.23600006103515625, 0.19099998474121094, 0.20199990272521973, 0.1940000057220459], [0.0, 0.0, 0.3190000057220459, 0.27499985694885254, 0.16899991035461426, 0.30299997329711914, 0.16899991035461426, 0.28999996185302734, 0.1679999828338623, 0.2990000247955322, 0.24000000953674316, 0.19900012016296387, 0.3599998950958252], [0.0, 0.0, 0.28999996185302734, 0.2650001049041748, 0.2739999294281006, 0.2369999885559082, 0.19299983978271484, 0.21599984169006348, 0.2849998474121094, 0.23600006103515625, 0.2999999523162842], [0.0, 0.0, 0.26799988746643066, 0.2799999713897705, 0.26799988746643066, 0.17199993133544922, 0.27699995040893555, 0.15400004386901855, 0.309999942779541, 0.4249999523162842, 0.23599982261657715, 0.20000004768371582], [0.0, 0.0, 0.11399984359741211, 0.13299989700317383, 0.2929999828338623, 0.14399981498718262, 0.20399999618530273, 0.3019998073577881, 0.2779998779296875, 0.2799999713897705, 0.3899998664855957, 0.26400017738342285, 0.2910001277923584], [0.0, 0.0, 0.1119999885559082, 0.1099998950958252, 0.1679999828338623, 0.33100008964538574, 0.1660001277923584, 0.2849998474121094, 0.19000005722045898, 0.2590000629425049, 0.3299999237060547, 0.2820000648498535, 0.31799983978271484, 0.3020000457763672]], "model_idx": [[2779, 3327, 3897, 4365, 5619, 5977, 6085, 6937, 2975, 6045, 6851, 5407, 6845, 6223], [1617, 5288, 4779, 895, 6619, 5619, 5937, 2937, 4937, 3147, 1975, 6223, 6071], [6285, 4708, 3403, 6619, 3407, 4407, 975, 5189, 6323, 6223, 6071], [2238, 6061, 4919, 5403, 3937, 5085, 6085, 4937, 3147, 5189, 6851, 6223], [1590, 1021, 325, 4873, 5731, 4225, 6189, 6467, 5189, 6039, 6323, 5407, 6071], [878, 6214, 5365, 6225, 5619, 5937, 4619, 3147, 6407, 4045, 6739, 6323, 6071, 6175]], "metrics": [], "iters": [14, 13, 11, 12, 13, 14], "num_duplicates": [0, 0, 0, 0, 0, 0], "cum_opt_time": [[0.0, 0.0, 0.09800004959106445, 0.25800013542175293, 0.39100003242492676, 0.6689999103546143, 0.8139998912811279, 1.13100004196167, 1.315000057220459, 1.6190001964569092, 1.8550002574920654, 2.0460002422332764, 2.248000144958496, 2.442000150680542], [0.0, 0.0, 0.3190000057220459, 0.5939998626708984, 0.7629997730255127, 1.0659997463226318, 1.234999656677246, 1.5249996185302734, 1.6929996013641357, 1.991999626159668, 2.231999635696411, 2.430999755859375, 2.7909996509552], [0.0, 0.0, 0.28999996185302734, 0.5550000667572021, 0.8289999961853027, 1.065999984741211, 1.2589998245239258, 1.4749996662139893, 1.7599995136260986, 1.9959995746612549, 2.295999526977539], [0.0, 0.0, 0.26799988746643066, 0.5479998588562012, 0.8159997463226318, 0.987999677658081, 1.2649996280670166, 1.4189996719360352, 1.7289996147155762, 2.1539995670318604, 2.3899993896484375, 2.5899994373321533], [0.0, 0.0, 0.11399984359741211, 0.24699974060058594, 0.5399997234344482, 0.6839995384216309, 0.8879995346069336, 1.1899993419647217, 1.4679992198944092, 1.7479991912841797, 2.1379990577697754, 2.4019992351531982, 2.6929993629455566], [0.0, 0.0, 0.1119999885559082, 0.2219998836517334, 0.3899998664855957, 0.7209999561309814, 0.8870000839233398, 1.1719999313354492, 1.3619999885559082, 1.621000051498413, 1.9509999752044678, 2.2330000400543213, 2.550999879837036, 2.8529999256134033]],