{"0": {"cum_exec_time": [[5966.761634, 10868.856346, 18063.848651, 22002.844128, 26339.922083, 33862.696822, 41998.372486, 49959.40631], [7231.212304000001, 11749.562915, 15870.881018, 19272.934621, 24255.414947, 30628.495678, 32144.17265488, 37702.13457188, 45837.81023588], [7318.945847, 11554.478592, 16009.398323, 19948.393799999998, 24930.874126, 29761.586375, 32081.20401578, 39240.222619780005, 47551.47707878001], [4336.7063960000005, 5760.16020371, 11824.077079710001, 17153.051248710002, 22135.531574710003, 26472.609529710004, 32845.690260710006, 40750.41928771001, 49061.67374671], [5355.065669, 9244.206669, 16439.198974, 20943.049452, 26807.532930999998, 32308.777754, 38582.376306, 46893.630764999994], [3288.3496920000002, 7817.303185000001, 12243.407841, 17572.38201, 19987.910850120003, 23707.740406120003, 28854.461312120002, 36110.137814120004, 44245.813478120006]], "force_terminate": false, "select_trace": [["RANDOM_RANDOM", "RANDOM_RANDOM", "GP-HLE_PI", "RF-HLE_UCB", "RF-HLE_EI", "RF-HLE_PI", "RF-HLE_UCB", "RF-HLE_UCB"], ["RANDOM_RANDOM", "RANDOM_RANDOM", "RF-HLE_EI", "RF-HLE_EI", "RF-HLE_UCB", "GP-HLE_EI", "RF-HLE_EI", "GP-HLE_PI", "GP-HLE_EI"], ["RANDOM_RANDOM", "RANDOM_RANDOM", "RF-HLE_EI", "RF-HLE_EI", "RF-HLE_PI", "GP-HLE_PI", "GP-HLE_PI", "GP-HLE_UCB", "GP-HLE_PI"], ["RANDOM_RANDOM", "RANDOM_RANDOM", "RF-HLE_PI", "RF-HLE_UCB", "RF-HLE_PI", "RF-HLE_UCB", "GP-HLE_UCB", "RF-HLE_EI", "RF-HLE_PI"], ["RANDOM_RANDOM", "RANDOM_RANDOM", "GP-HLE_PI", "GP-HLE_UCB", "GP-HLE_PI", "RF-HLE_PI", "GP-HLE_PI", "GP-HLE_PI"], ["RANDOM_RANDOM", "RANDOM_RANDOM", "GP-HLE_PI", "RF-HLE_PI", "GP-HLE_PI", "RF-HLE_UCB", "GP-HLE_UCB", "GP-HLE_PI", "RF-HLE_UCB"]], "exec_time": [[5966.761634, 4902.094712, 7194.992305, 3938.9954770000004, 4337.077955, 7522.774739, 8135.675664, 7961.033823999999], [7231.212304000001, 4518.350611, 4121.3181030000005, 3402.0536030000003, 4982.480326, 6373.080731, 1515.67697688, 5557.9619170000005, 8135.675664], [7318.945847, 4235.532745, 4454.919731, 3938.9954770000004, 4982.480326, 4830.712249, 2319.61764078, 7159.018604000001, 8311.254459], [4336.7063960000005, 1423.45380771, 6063.916876, 5328.974169, 4982.480326, 4337.077955, 6373.080731, 7904.729026999999, 8311.254459], [5355.065669, 3889.1409999999996, 7194.992305, 4503.850478, 5864.4834789999995, 5501.244823, 6273.598552, 8311.254459], [3288.3496920000002, 4528.953493, 4426.104656, 5328.974169, 2415.52884012, 3719.829556, 5146.7209060000005, 7255.676501999999, 8135.675664]], "opt_time": [[0.0, 0.0, 0.11700010299682617, 0.2820000648498535, 0.32000017166137695, 0.2820000648498535, 0.27499985694885254, 0.3690001964569092], [0.0, 0.0, 0.2760000228881836, 0.309999942779541, 0.2990000247955322, 0.1640000343322754, 0.3000001907348633, 0.18499994277954102, 0.18000006675720215], [0.0, 0.0, 0.2760000228881836, 0.3469998836517334, 0.2890000343322754, 0.16100001335144043, 0.14400005340576172, 0.24000000953674316, 0.22499990463256836], [0.0, 0.0, 0.42100000381469727, 0.2780001163482666, 0.29000020027160645, 0.29400014877319336, 0.1400001049041748, 0.27300000190734863, 0.33499979972839355], [0.0, 0.0009999275207519531, 0.1099998950958252, 0.13899993896484375, 0.21500015258789062, 0.28100013732910156, 0.18000006675720215, 0.18000006675720215], [0.0, 0.0, 0.10500001907348633, 0.32899999618530273, 0.13000011444091797, 0.27699995040893555, 0.14299988746643066, 0.15599989891052246, 0.2799999713897705]], "model_idx": [[6683, 6039, 4225, 175, 5297, 6189, 6223, 6633], [4081, 2051, 3951, 495, 9, 2223, 2256, 1223, 6223], [5762, 4357, 2567, 175, 9, 3657, 4189, 5343, 6549], [1269, 3520, 2009, 1009, 9, 5297, 2223, 5704, 6549], [250, 76, 4225, 2427, 2619, 5175, 3223, 6549], [888, 5215, 2269, 1009, 5189, 2297, 975, 4549, 6223]], "metrics": [], "iters": [8, 9, 9, 9, 8, 9], "num_duplicates": [0, 0, 0, 0, 0, 0], "cum_opt_time": [[0.0, 0.0, 0.11700010299682617, 0.3990001678466797, 0.7190003395080566, 1.0010004043579102, 1.2760002613067627, 1.6450004577636719], [0.0, 0.0, 0.2760000228881836, 0.5859999656677246, 0.8849999904632568, 1.0490000247955322, 1.3490002155303955, 1.5340001583099365, 1.7140002250671387], [0.0, 0.0, 0.2760000228881836, 0.622999906539917, 0.9119999408721924, 1.0729999542236328, 1.2170000076293945, 1.4570000171661377, 1.681999921798706], [0.0, 0.0, 0.42100000381469727, 0.6990001201629639, 0.9890003204345703, 1.2830004692077637, 1.4230005741119385, 1.696000576019287, 2.0310003757476807], [0.0, 0.0009999275207519531, 0.11099982261657715, 0.2499997615814209, 0.4649999141693115, 0.7460000514984131, 0.9260001182556152, 1.1060001850128174], [0.0, 0.0, 0.10500001907348633, 0.43400001525878906, 0.564000129699707, 0.8410000801086426, 0.9839999675750732, 1.1399998664855957, 1.4199998378753662]], "error": [[0.11199998900000008, 0.103999972, 0.07749998599999997, 0.07380002699999999, 0.09469997900000005, 0.06669998200000005, 0.06790000200000001, 0.07099997999999996], [0.11989998800000001, 0.095200002, 0.09909999400000002, 0.09939998400000005, 0.08060002300000002, 0.06970000300000001, 0.20550000700000004, 0.07190001000000001, 0.06790000200000001], [0.16589999200000005, 0.14380002000000003, 0.07770001900000001, 0.07380002699999999, 0.08060002300000002, 0.07469999799999993, 0.157000005, 0.0817999840000001, 0.0683000090000001], [0.09170001700000008, 0.578900009, 0.07539999500000005, 0.07940000299999994, 0.08060002300000002, 0.09469997900000005, 0.06970000300000001, 0.10670000299999993, 0.0683000090000001], [0.290799975, 0.21649998400000003, 0.07749998599999997, 0.0770999790000001, 0.07450002400000011, 0.07029998299999995, 0.07309997099999999, 0.0683000090000001], [0.43699997700000004, 0.10470002900000008, 0.08979999999999999, 0.07940000299999994, 0.15079999, 0.08730000299999996, 0.08679997900000003, 0.06800001900000008, 0.06790000200000001]], "accuracy": [[0.8880000109999999, 0.896000028, 0.922500014, 0.926199973, 0.905300021, 0.933300018, 0.932099998, 0.92900002], [0.880100012, 0.904799998, 0.900900006, 0.900600016, 0.919399977, 0.930299997, 0.794499993, 0.92809999, 0.932099998], [0.834100008, 0.85619998, 0.922299981, 0.926199973, 0.919399977, 0.9253000020000001, 0.842999995, 0.9182000159999999, 0.9316999909999999], [0.9082999829999999, 0.42109999099999995, 0.924600005, 0.9205999970000001, 0.919399977, 0.905300021, 0.930299997, 0.8932999970000001, 0.9316999909999999], [0.709200025, 0.783500016, 0.922500014, 0.9229000209999999, 0.9254999759999999, 0.929700017, 0.926900029, 0.9316999909999999], [0.563000023, 0.8952999709999999, 0.9102, 0.9205999970000001, 0.84920001, 0.912699997, 0.913200021, 0.9319999809999999, 0.932099998]]}}