{
    "0": {
        "cum_exec_time": [
            [4601.007699, 8177.518117, 11532.02761, 16021.958329, 23362.710021, 30101.37533, 37328.114258, 41322.607106, 47596.205658000006],
            [4233.054335, 8335.570558, 14976.972802, 21450.976511, 28068.834338, 35295.573266, 40428.975746, 46293.459225],
            [4625.230997, 8426.518697, 14542.601720999999, 22446.510491, 30240.253041, 35589.885536, 41921.808652, 49804.447956],
            [4308.374382, 8613.980932999999, 11931.528433, 18572.930677, 25125.166225, 32351.905153, 39550.111829, 45823.710381000004],
            [7100.690825, 11667.885278999998, 18356.283187999998, 25938.073951, 33861.346615, 40704.120585000004, 48839.796249000006],
            [4005.213389, 8072.998353999999, 12397.875968999999, 20525.577445, 27628.590593, 34855.329521, 39779.466364, 47304.678398000004]
        ],
        "force_terminate": false,
        "select_trace": [
            ["RANDOM_RANDOM", "RANDOM_RANDOM", "RF-HLE_UCB", "RF-HLE_PI", "RF-HLE_UCB", "RF-HLE_PI", "GP-HLE_EI", "RF-HLE_UCB", "RF-HLE_UCB"],
            ["RANDOM_RANDOM", "RANDOM_RANDOM", "GP-HLE_UCB", "GP-HLE_PI", "GP-HLE_PI", "GP-HLE_UCB", "RF-HLE_UCB", "GP-HLE_PI"],
            ["RANDOM_RANDOM", "RANDOM_RANDOM", "GP-HLE_EI", "RF-HLE_UCB", "RF-HLE_EI", "RF-HLE_UCB", "RF-HLE_EI", "RF-HLE_UCB"],
            ["RANDOM_RANDOM", "RANDOM_RANDOM", "RF-HLE_EI", "GP-HLE_EI", "GP-HLE_UCB", "GP-HLE_EI", "GP-HLE_UCB", "RF-HLE_UCB"],
            ["RANDOM_RANDOM", "RANDOM_RANDOM", "GP-HLE_PI", "GP-HLE_UCB", "GP-HLE_EI", "GP-HLE_PI", "RF-HLE_EI"],
            ["RANDOM_RANDOM", "RANDOM_RANDOM", "RF-HLE_PI", "RF-HLE_EI", "GP-HLE_UCB", "GP-HLE_UCB", "RF-HLE_UCB", "RF-HLE_EI"]
        ],
        "exec_time": [
            [4601.007699, 3576.510418, 3354.509493, 4489.930719, 7340.751692, 6738.665309, 7226.738928, 3994.492848, 6273.598552],
            [4233.054335, 4102.516223, 6641.402244, 6474.0037090000005, 6617.857827000001, 7226.738928, 5133.40248, 5864.4834789999995],
            [4625.230997, 3801.2877, 6116.0830240000005, 7903.90877, 7793.74255, 5349.632495000001, 6331.923116, 7882.639304],
            [4308.374382, 4305.606551, 3317.5475, 6641.402244, 6552.235548, 7226.738928, 7198.206676000001, 6273.598552],
            [7100.690825, 4567.1944539999995, 6688.397909, 7581.790763, 7923.272664, 6842.77397, 8135.675664],
            [4005.213389, 4067.784965, 4324.877614999999, 8127.701476, 7103.013148, 7226.738928, 4924.136843, 7525.212034]
        ],
        "opt_time": [
            [0.0, 0.0, 0.2999999523162842, 0.2649998664855957, 0.2999999523162842, 0.27499985694885254, 0.1549999713897705, 0.2969999313354492, 0.27699995040893555],
            [0.0, 0.0, 0.1400001049041748, 0.10400009155273438, 0.14800000190734863, 0.14400005340576172, 0.30500006675720215, 0.2630000114440918],
            [0.0, 0.0, 0.10900020599365234, 0.2650001049041748, 0.2999999523162842, 0.4010000228881836, 0.2969999313354492, 0.2990000247955322],
            [0.0, 0.0, 0.2910001277923584, 0.13100004196166992, 0.1419999599456787, 0.1640000343322754, 0.14499998092651367, 0.30500006675720215],
            [0.0, 0.0, 0.1099998950958252, 0.13499999046325684, 0.16100001335144043, 0.17499995231628418, 0.2929999828338623],
            [0.0, 0.0, 0.2990000247955322, 0.25999999046325684, 0.12999987602233887, 0.15799999237060547, 0.3250000476837158, 0.30500006675720215]
        ],
        "model_idx": [
            [6615, 1132, 19, 2123, 4735, 3189, 4619, 3297, 3223],
            [1466, 123, 3291, 3383, 4085, 4619, 955, 2619],
            [6740, 2865, 2291, 6797, 5497, 85, 2071, 6071],
            [1790, 3964, 711, 3291, 3407, 4619, 4223, 3223],
            [4196, 4939, 3633, 5593, 6619, 4407, 6223],
            [3019, 2812, 4019, 6027, 5085, 4619, 189, 6737]
        ],
        "metrics": [],
        "iters": [9, 8, 8, 8, 7, 8],
        "num_duplicates": [0, 0, 0, 0, 0, 0],
        "cum_opt_time": [
            [0.0, 0.0, 0.2999999523162842, 0.5649998188018799, 0.8649997711181641, 1.1399996280670166, 1.294999599456787, 1.5919995307922363, 1.8689994812011719],
            [0.0, 0.0, 0.1400001049041748, 0.24400019645690918, 0.3920001983642578, 0.5360002517700195, 0.8410003185272217, 1.1040003299713135],
            [0.0, 0.0, 0.10900020599365234, 0.37400031089782715, 0.6740002632141113, 1.075000286102295, 1.3720002174377441, 1.6710002422332764],
            [0.0, 0.0, 0.2910001277923584, 0.4220001697540283, 0.564000129699707, 0.7280001640319824, 0.8730001449584961, 1.1780002117156982],
            [0.0, 0.0, 0.1099998950958252, 0.24499988555908203, 0.40599989891052246, 0.5809998512268066, 0.873999834060669],
            [0.0, 0.0, 0.2990000247955322, 0.5590000152587891, 0.6889998912811279, 0.8469998836517334, 1.1719999313354492, 1.4769999980926514]
        ],
        "error": [
            [0.15060001599999995, 0.486100018, 0.14319998, 0.09810000699999999, 0.0770999790000001, 0.06959998599999995, 0.07300001400000011, 0.08740001900000005, 0.07309997099999999],
            [0.18309998500000002, 0.10610002299999999, 0.07529997799999999, 0.08410000799999995, 0.07020002599999997, 0.07300001400000011, 0.0799000259999999, 0.07450002400000011],
            [0.23150002999999997, 0.172999978, 0.0770999790000001, 0.08340001099999994, 0.084699988, 0.08039998999999998, 0.0752000209999999, 0.06889998900000005],
            [0.19599997999999996, 0.16250002400000008, 0.14319998, 0.07529997799999999, 0.0683000090000001, 0.07300001400000011, 0.06970000300000001, 0.07309997099999999],
            [0.19709998400000006, 0.10769998999999997, 0.07499998799999996, 0.08789998300000001, 0.07029998299999995, 0.07040000000000002, 0.06790000200000001],
            [0.140600026, 0.2784000040000001, 0.13559997099999999, 0.07340002099999998, 0.07059997299999998, 0.07300001400000011, 0.07469999799999993, 0.06900000599999989]
        ],
        "accuracy": [
            [0.849399984, 0.513899982, 0.85680002, 0.901899993, 0.9229000209999999, 0.930400014, 0.9269999859999999, 0.912599981, 0.926900029],
            [0.816900015, 0.893899977, 0.924700022, 0.915899992, 0.929799974, 0.9269999859999999, 0.9200999740000001, 0.9254999759999999],
            [0.76849997, 0.827000022, 0.9229000209999999, 0.9165999890000001, 0.915300012, 0.91960001, 0.9247999790000001, 0.931100011],
            [0.80400002, 0.8374999759999999, 0.85680002, 0.924700022, 0.9316999909999999, 0.9269999859999999, 0.930299997, 0.926900029],
            [0.8029000159999999, 0.89230001, 0.925000012, 0.912100017, 0.929700017, 0.9296, 0.932099998],
            [0.859399974, 0.7215999959999999, 0.864400029, 0.926599979, 0.929400027, 0.9269999859999999, 0.9253000020000001, 0.9309999940000001]
        ]
    }
}