{"0": {"cum_exec_time": [13.027785539627075, 21.68964457511902, 30.39171528816223, 30.498034238815308, 39.10349369049072, 47.64689326286316, 56.30432677268982, 64.88485145568848, 64.98066449165344, 88.1446487903595, 111.31443786621094, 134.45494866371155, 194.04528522491455, 194.14853930473328, 217.4315025806427, 240.69292855262756, 300.35132908821106, 359.9873192310333, 360.0931670665741, 360.19276547431946, 368.9044551849365, 377.4766356945038, 386.04608392715454, 394.63341641426086, 403.21159839630127, 403.30673360824585, 403.4132881164551, 403.5186610221863, 403.6156690120697, 426.9301691055298, 450.1286025047302, 473.3085832595825, 532.9218072891235, 556.112268447876, 579.2882249355316, 579.3827002048492, 639.1015737056732, 699.0116283893585, 758.7362463474274, 758.8408303260803, 767.43541264534, 776.0044820308685, 784.5621151924133, 793.1357443332672, 801.7326016426086, 801.8356165885925, 810.4162940979004, 819.1877400875092, 827.7400858402252, 850.9416742324829, 874.0885834693909, 897.2040271759033, 957.6827661991119, 957.7890954017639, 957.8921084403992, 981.0616707801819, 1040.6148505210876, 1100.1639142036438, 1159.9674725532532, 1160.0631003379822, 1168.9032456874847, 1177.5129404067993, 1177.6168327331543, 1186.2117698192596, 1186.3157272338867, 1186.419725894928, 1195.00261759758, 1203.594655752182, 1212.2670638561249, 1235.677655696869, 1258.8821222782135, 1282.0019328594208, 1341.5562965869904], "exec_time": [13.027785539627075, 8.661859035491943, 8.702070713043213, 0.10631895065307617, 8.605459451675415, 8.543399572372437, 8.65743350982666, 8.580524682998657, 0.09581303596496582, 23.163984298706055, 23.16978907585144, 23.14051079750061, 59.590336561203, 0.10325407981872559, 23.282963275909424, 23.261425971984863, 59.658400535583496, 59.635990142822266, 0.10584783554077148, 0.09959840774536133, 8.711689710617065, 8.57218050956726, 8.569448232650757, 8.587332487106323, 8.578181982040405, 0.09513521194458008, 0.10655450820922852, 0.10537290573120117, 0.09700798988342285, 23.314500093460083, 23.19843339920044, 23.179980754852295, 59.613224029541016, 23.19046115875244, 23.17595648765564, 0.09447526931762695, 59.718873500823975, 59.9100546836853, 59.72461795806885, 0.1045839786529541, 8.594582319259644, 8.569069385528564, 8.5576331615448, 8.573629140853882, 8.59685730934143, 0.10301494598388672, 8.580677509307861, 8.771445989608765, 8.552345752716064, 23.20158839225769, 23.14690923690796, 23.11544370651245, 60.47873902320862, 0.10632920265197754, 0.1030130386352539, 23.169562339782715, 59.55317974090576, 59.54906368255615, 59.803558349609375, 0.0956277847290039, 8.840145349502563, 8.609694719314575, 0.10389232635498047, 8.594937086105347, 0.1039574146270752, 0.10399866104125977, 8.582891702651978, 8.59203815460205, 8.672408103942871, 23.41059184074402, 23.204466581344604, 23.119810581207275, 59.55436372756958], "opt_time": [13.028661489486694, 8.662667751312256, 8.703053712844849, 0.10713315010070801, 8.606289148330688, 8.54423213005066, 8.658259391784668, 8.581356287002563, 0.09668970108032227, 23.16479253768921, 23.170644283294678, 23.141321659088135, 59.5912184715271, 0.10410499572753906, 23.283799648284912, 23.262284517288208, 59.65923881530762, 59.63682675361633, 0.10668182373046875, 0.10067200660705566, 8.712535381317139, 8.573007106781006, 8.57029128074646, 8.588175058364868, 8.579186201095581, 0.09595179557800293, 0.10765981674194336, 0.10649800300598145, 0.09815859794616699, 23.315322399139404, 23.19925880432129, 23.180803298950195, 59.61405110359192, 23.1912944316864, 23.176798343658447, 0.09531354904174805, 59.7197048664093, 59.91087460517883, 59.725446701049805, 0.10553622245788574, 8.595414876937866, 8.569886922836304, 8.55850625038147, 8.574502944946289, 8.597731828689575, 0.10386085510253906, 8.581541299819946, 8.772337198257446, 8.553186655044556, 23.202423334121704, 23.147727966308594, 23.11632752418518, 60.47965168952942, 0.10719847679138184, 0.10389375686645508, 23.17041563987732, 59.55406951904297, 59.54988741874695, 59.80441164970398, 0.09648966789245605, 8.84113597869873, 8.610759496688843, 0.10479593276977539, 8.59584093093872, 0.1048433780670166, 0.10485363006591797, 8.583756685256958, 8.592894315719604, 8.673264741897583, 23.411401510238647, 23.20528817176819, 23.120666980743408, 59.55523729324341], "cum_opt_time": [13.028661489486694, 21.69132924079895, 30.3943829536438, 30.501516103744507, 39.107805252075195, 47.652037382125854, 56.31029677391052, 64.89165306091309, 64.98834276199341, 88.15313529968262, 111.3237795829773, 134.46510124206543, 194.05631971359253, 194.16042470932007, 217.44422435760498, 240.7065088748932, 300.3657476902008, 360.00257444381714, 360.1092562675476, 360.20992827415466, 368.9224636554718, 377.4954707622528, 386.06576204299927, 394.65393710136414, 403.2331233024597, 403.3290750980377, 403.43673491477966, 403.54323291778564, 403.6413915157318, 426.9567139148712, 450.1559727191925, 473.3367760181427, 532.9508271217346, 556.142121553421, 579.3189198970795, 579.4142334461212, 639.1339383125305, 699.0448129177094, 758.7702596187592, 758.875795841217, 767.4712107181549, 776.0410976409912, 784.5996038913727, 793.174106836319, 801.7718386650085, 801.8756995201111, 810.457240819931, 819.2295780181885, 827.782764673233, 850.9851880073547, 874.1329159736633, 897.2492434978485, 957.7288951873779, 957.8360936641693, 957.9399874210358, 981.1104030609131, 1040.664472579956, 1100.214359998703, 1160.018771648407, 1160.1152613162994, 1168.9563972949982, 1177.567156791687, 1177.6719527244568, 1186.2677936553955, 1186.3726370334625, 1186.4774906635284, 1195.0612473487854, 1203.654141664505, 1212.3274064064026, 1235.7388079166412, 1258.9440960884094, 1282.0647630691528, 1341.6200003623962], "error": [0.04600000000000004, 0.03280000000000005, 0.03720000000000001, 1.0, 0.027599999999999958, 0.02200000000000002, 0.027599999999999958, 0.0232, 1.0, 0.023800000000000043, 0.01959999999999995, 0.015800000000000036, 0.014000000000000012, 1.0, 0.013399999999999967, 0.01100000000000001, 0.010800000000000032, 0.009000000000000008, 1.0, 1.0, 0.012800000000000034, 0.009800000000000031, 0.012199999999999989, 0.011800000000000033, 0.011600000000000055, 1.0, 1.0, 1.0, 1.0, 0.012199999999999989, 0.012800000000000034, 0.013599999999999945, 0.009199999999999986, 0.012199999999999989, 0.010199999999999987, 1.0, 0.010000000000000009, 0.00880000000000003, 0.009600000000000053, 1.0, 0.01100000000000001, 0.010199999999999987, 0.009000000000000008, 0.01100000000000001, 0.013399999999999967, 1.0, 0.010800000000000032, 0.009399999999999964, 0.010600000000000054, 0.010000000000000009, 0.01100000000000001, 0.009600000000000053, 0.010199999999999987, 1.0, 1.0, 0.01100000000000001, 0.010800000000000032, 0.011199999999999988, 0.010600000000000054, 1.0, 0.009600000000000053, 0.009600000000000053, 1.0, 0.010199999999999987, 1.0, 1.0, 0.010000000000000009, 0.013000000000000012, 0.010000000000000009, 0.010399999999999965, 0.011199999999999988, 0.010199999999999987, 0.008199999999999985], "accuracy": [0.9521, 0.9648, 0.9591, 0.0, 0.971, 0.9724, 0.9709, 0.9706, 0.0, 0.9712, 0.9802, 0.9843, 0.9864, 0.0, 0.9858, 0.9892, 0.9865, 0.989, 0.0, 0.0, 0.9867, 0.9882, 0.9883, 0.9882, 0.9881, 0.0, 0.0, 0.0, 0.0, 0.9884, 0.9873, 0.9881, 0.9899, 0.9871, 0.9883, 0.0, 0.9878, 0.9885, 0.9887, 0.0, 0.9894, 0.9882, 0.9859, 0.9871, 0.9858, 0.0, 0.9884, 0.9891, 0.9878, 0.9895, 0.9892, 0.9889, 0.9894, 0.0, 0.0, 0.9888, 0.9881, 0.9884, 0.9888, 0.0, 0.9887, 0.9884, 0.0, 0.9889, 0.0, 0.0, 0.9892, 0.987, 0.9881, 0.9885, 0.9882, 0.9857, 0.9892],