{"0": {"cum_exec_time": [3994.9157240000004, 7972.007555, 8014.58861334, 13132.41473434, 18736.83743334, 23049.04671034, 30189.38876134, 36167.97765034, 43965.688028339995, 50645.96129333999, 57198.19684133999, 64040.97081133999, 70305.89209633999, 76549.36864233999, 83128.79653133999, 89770.19877533999, 96996.93770334, 103270.53625533999, 109958.93416434, 116185.40354633999, 121250.53372633999, 126585.90385433998, 131148.89458033998, 136943.49773734, 144046.51088534, 151193.68437233998, 156182.56272433998, 161162.29898633997, 165740.71983733997, 173500.12167633997, 179303.84939333997, 186520.83808833998, 193909.32497833998, 200787.27383433998, 207049.98170533997, 213760.73808933998, 218238.59185733998, 224856.44968433998, 229623.26138133998, 235855.52585933998, 242717.90312633998, 246713.23128533998, 254151.22707933997, 261349.61422733997], "mean_arr": [0.0, 0.0, 0.0, 0.0, 0.0, 0.0], "force_terminate": true, "select_trace": ["RF-HLE_UCB", "GP-HLE_EI", "RANDOM_RANDOM", "GP-HLE_UCB", "RF-HLE_EI", "GP-HLE_EI", "RF-HLE_UCB", "GP-HLE_PI", "RF-HLE_UCB", "RF-HLE_PI", "RF-HLE_EI", "RF-HLE_UCB", "RF-HLE_PI", "RF-HLE_PI", "RF-HLE_EI", "GP-HLE_PI", "RF-HLE_EI", "GP-HLE_PI", "GP-HLE_UCB", "RF-HLE_UCB", "RF-HLE_EI", "RF-HLE_EI", "RF-HLE_PI", "RF-HLE_PI", "RF-HLE_UCB", "GP-HLE_UCB", "GP-HLE_EI", "RF-HLE_EI", "GP-HLE_PI", "RF-HLE_EI", "GP-HLE_EI", "GP-HLE_PI", "RF-HLE_UCB", "RF-HLE_PI", "RF-HLE_EI", "RF-HLE_EI", "RF-HLE_EI", "RF-HLE_PI", "GP-HLE_EI", "RF-HLE_PI", "GP-HLE_EI", "RF-HLE_UCB", "GP-HLE_PI", "GP-HLE_PI"], "exec_time": [3994.9157240000004, 3977.091831, 42.58105834, 5117.826121, 5604.422699000001, 4312.209277, 7140.3420510000005, 5978.588889, 7797.710378, 6680.273265, 6552.235548, 6842.77397, 6264.921285, 6243.476546, 6579.4278890000005, 6641.402244, 7226.738928, 6273.598552, 6688.397909, 6226.469382, 5065.13018, 5335.3701280000005, 4562.990726, 5794.6031570000005, 7103.013148, 7147.173487, 4988.878352000001, 4979.736261999999, 4578.420851, 7759.401839, 5803.727717, 7216.988695, 7388.486890000001, 6877.948856, 6262.7078710000005, 6710.756384, 4477.853768, 6617.857827000001, 4766.811697, 6232.264478, 6862.377267, 3995.328159, 7437.9957939999995, 7198.387148000001], "opt_time": [0.0, 0.0, 0.0, 0.09500002861022949, 0.30500006675720215, 0.1099998950958252, 0.30499982833862305, 0.11699986457824707, 0.2980000972747803, 0.28099989891052246, 0.2689998149871826, 0.27699995040893555, 0.2780001163482666, 0.27500009536743164, 0.2849998474121094, 0.14100003242492676, 0.3040001392364502, 0.14700007438659668, 0.12599992752075195, 0.3250000476837158, 0.375, 0.42599987983703613, 0.30500006675720215, 0.2849998474121094, 0.27499985694885254, 0.19500017166137695, 0.22500014305114746, 0.3379998207092285, 0.19000005722045898, 0.3450000286102295, 0.17499995231628418, 0.17499995231628418, 0.3409998416900635, 0.27500009536743164, 0.2779998779296875, 0.2820000648498535, 0.2890000343322754, 0.28100013732910156, 0.2349998950958252, 0.375, 0.3190000057220459, 0.35899996757507324, 0.20000004768371582, 0.2669999599456787], "model_idx": [2207, 3536, 4186, 383, 1383, 1943, 4383, 2999, 5383, 4999, 3407, 4407, 2407, 3619, 3085, 3291, 4619, 3223, 3633, 3389, 3937, 4937, 2937, 5937, 5085, 4497, 3175, 3457, 2175, 6085, 6065, 4071, 5205, 4755, 3271, 3817, 5017, 4085, 5287, 3833, 4797, 3791, 4643, 5737], "metrics": [[], [], [], [], [], [], [], [], [], [], [], [], [], [], [], [], [], [], [], [], [], [], [], [], [], [], [], [], [], [], [], [], [], [], [], [], [], [], [], [], [], [], [], []], "num_duplicates": [], "cum_opt_time": [0.0, 0.0, 0.0, 0.09500002861022949, 0.40000009536743164, 0.5099999904632568, 0.8149998188018799, 0.931999683380127, 1.2299997806549072, 1.5109996795654297, 1.7799994945526123, 2.056999444961548, 2.3349995613098145, 2.609999656677246, 2.8949995040893555, 3.0359995365142822, 3.3399996757507324, 3.486999750137329, 3.612999677658081, 3.937999725341797, 4.312999725341797, 4.738999605178833, 5.043999671936035, 5.3289995193481445, 5.603999376296997, 5.798999547958374, 6.0239996910095215, 6.36199951171875, 6.551999568939209, 6.8969995975494385, 7.071999549865723, 7.246999502182007, 7.58799934387207, 7.862999439239502, 8.14099931716919, 8.422999382019043, 8.711999416351318, 8.99299955368042, 9.227999448776245, 9.602999448776245, 9.921999454498291, 10.280999422073364, 10.48099946975708, 10.747999429702759], "error": [0.132200003, 0.21929997200000007, 0.899700001, 0.09039998099999991, 0.08600002500000004, 0.10259997799999998, 0.08240002400000002, 0.07980001000000003, 0.08660000599999995, 0.07859998900000009, 0.0683000090000001, 0.07040000000000002, 0.07179999400000003, 0.07220000000000004, 0.07359999400000006, 0.07529997799999999, 0.07300001400000011, 0.07309997099999999, 0.07499998799999996, 0.078800023, 0.06950002900000007, 0.07150000299999992, 0.07440000800000002, 0.07099997999999996, 0.07059997299999998, 0.09090000400000009, 0.06879997299999996, 0.09689998599999994, 0.072300017, 0.07340002099999998, 0.08490002200000002, 0.07150000299999992, 0.09920001, 0.08069998, 0.12459999300000002, 0.125, 0.10860002000000002, 0.07020002599999997, 0.09069997099999993, 0.0817999840000001, 0.08200001700000004, 0.09310001099999998, 0.06900000599999989, 0.06580001099999999], "count_arr": [6, 8, 3, 11, 8, 8], "accuracy": [0.867799997, 0.7807000279999999, 0.10029999899999997, 0.9096000190000001, 0.913999975, 0.897400022, 0.917599976, 0.92019999, 0.913399994, 0.9214000109999999, 0.9316999909999999, 0.9296, 0.928200006, 0.9278, 0.9264000059999999, 0.924700022, 0.9269999859999999, 0.926900029, 0.925000012, 0.921199977, 0.9304999709999999, 0.9284999970000001, 0.925599992, 0.92900002, 0.929400027, 0.9090999959999999, 0.931200027, 0.9031000140000001, 0.927699983, 0.926599979, 0.915099978, 0.9284999970000001, 0.90079999, 0.91930002, 0.875400007, 0.875, 0.89139998, 0.929799974, 0.9093000290000001, 0.9182000159999999, 0.917999983, 0.906899989, 0.9309999940000001, 0.934199989]}}