{"0": {"cum_exec_time": [4220.157188, 8688.129538000001, 13190.718241000002, 17737.800689000003, 19017.546591050002, 21075.211604300002, 22849.529796320003, 24410.659216280004, 25864.857209000005, 27195.151642490004, 33382.85418149, 35226.19571372, 37940.42027204, 37999.86210512, 39457.91668211, 41428.111049240004, 42763.601106350005, 44795.847879830006, 46111.17832670001, 47730.21787487001, 49797.86935637001, 49844.07696294001, 51074.59581195001, 52594.694337060006, 53914.970091, 55960.34074701, 64321.98346301, 71662.73515501, 73741.36776964, 74831.10642843999, 77365.22728374999, 79972.59991645, 82410.89916147999, 84176.27788483, 85725.91013118999, 87791.79448941999, 89905.98822844, 92442.74439576999, 94886.96436252998, 97049.17557093997, 99654.80325933997, 102207.06944943996, 103311.05572458997, 105632.90416074997, 108182.09266788997, 109308.73341927998, 111527.54116020998, 111561.47874114997, 119078.53043114996, 120839.20257338996, 123229.14219941996, 125736.70387493997, 128354.86328099997, 130666.90558499997, 132372.00932093998, 135056.78229006, 137803.68596595, 140300.37996398998, 142655.21394350997, 144024.06054449995, 146798.69257862994, 149180.29884797995, 150357.41828366995, 152433.40229717994, 153685.37597144995, 155426.10603845996, 156584.54429657996, 158133.72008693995, 160110.59670854994, 167239.45405254993, 175181.26673254994, 177733.28739241994, 180213.22105972993, 187372.23966372994, 189835.40840967995, 192480.91618227994, 194599.53194571994, 195693.78669576993, 198362.00245344994, 200153.78848233994, 202009.64031126993, 203760.90892266994, 205303.22111034996, 206977.05010146997, 208545.87657078996, 210956.06428335997, 217149.50860935997, 219667.81122486998, 221143.99280646996, 222821.00836998996, 224600.01604152995, 226481.88602118994, 228843.88137855995, 230951.31342450995, 232046.15263128994, 233686.88409882993, 236107.04807241994, 237210.47371056993, 237261.94391489992, 238844.83264748994, 238911.12151898994, 241580.42274599994, 242729.30785259994, 243878.82312752993, 245409.08657036992, 247179.26498036992, 248943.26477858992, 251522.26798151992, 254208.27214202992, 255720.2915431199, 257993.8909099499, 260458.3211604299], "mean_arr": [0.0, 0.0, 0.0, 0.0, 0.0, 0.0], "force_terminate": true, "select_trace": ["RF-HLE_PI", "GP-HLE_PI", "GP-HLE_EI", "GP-HLE_UCB", "RF-HLE_PI", "RF-HLE_UCB", "RF-HLE_UCB", "RF-HLE_PI", "RF-HLE_PI", "RF-HLE_EI", "GP-HLE_PI", "GP-HLE_PI", "GP-HLE_EI", "RF-HLE_PI", "RF-HLE_EI", "RF-HLE_PI", "RF-HLE_UCB", "GP-HLE_EI", "RF-HLE_PI", "GP-HLE_EI", "RF-HLE_EI", "GP-HLE_UCB", "RF-HLE_EI", "RF-HLE_EI", "GP-HLE_UCB", "RF-HLE_UCB", "GP-HLE_UCB", "GP-HLE_PI", "GP-HLE_EI", "GP-HLE_UCB", "RF-HLE_EI", "RF-HLE_UCB", "GP-HLE_PI", "GP-HLE_EI", "RF-HLE_EI", "RF-HLE_UCB", "RF-HLE_PI", "RF-HLE_UCB", "RF-HLE_EI", "RF-HLE_PI", "RF-HLE_UCB", "GP-HLE_PI", "GP-HLE_EI", "RF-HLE_PI", "GP-HLE_UCB", "GP-HLE_EI", "RF-HLE_UCB", "GP-HLE_EI", "RF-HLE_UCB", "GP-HLE_UCB", "RF-HLE_PI", "GP-HLE_EI", "RF-HLE_PI", "RF-HLE_UCB", "RF-HLE_PI", "GP-HLE_EI", "RF-HLE_UCB", "GP-HLE_PI", "GP-HLE_UCB", "RF-HLE_EI", "GP-HLE_EI", "RF-HLE_UCB", "RF-HLE_PI", "GP-HLE_UCB", "RF-HLE_PI", "RF-HLE_UCB", "GP-HLE_PI", "RF-HLE_PI", "RF-HLE_PI", "GP-HLE_PI", "RF-HLE_UCB", "GP-HLE_PI", "RF-HLE_EI", "GP-HLE_UCB", "RF-HLE_EI", "GP-HLE_UCB", "GP-HLE_UCB", "GP-HLE_EI", "GP-HLE_PI", "RF-HLE_UCB", "RF-HLE_PI", "RF-HLE_PI", "RF-HLE_PI", "RF-HLE_PI", "GP-HLE_PI", "RF-HLE_EI", "RF-HLE_UCB", "RF-HLE_PI", "RF-HLE_EI", "GP-HLE_EI", "RF-HLE_PI", "RF-HLE_UCB", "RF-HLE_PI", "RF-HLE_UCB", "GP-HLE_EI", "RF-HLE_PI", "GP-HLE_UCB", "RF-HLE_EI", "RF-HLE_PI", "GP-HLE_UCB", "GP-HLE_EI", "GP-HLE_EI", "GP-HLE_UCB", "RF-HLE_PI", "GP-HLE_EI", "RF-HLE_PI", "GP-HLE_EI", "RF-HLE_EI", "GP-HLE_PI", "GP-HLE_UCB", "RF-HLE_PI", "GP-HLE_UCB"], "exec_time": [4220.157188, 4467.97235, 4502.588703, 4547.082448, 1279.74590205, 2057.6650132500004, 1774.31819202, 1561.12941996, 1454.19799272, 1330.2944334900003, 6187.702539, 1843.34153223, 2714.22455832, 59.441833079999995, 1458.0545769900002, 1970.1943671299998, 1335.4900571100002, 2032.2467734800002, 1315.33044687, 1619.0395481700002, 2067.6514815, 46.207606569999996, 1230.51884901, 1520.0985251100003, 1320.27575394, 2045.3706560099997, 8361.642716, 7340.751692, 2078.63261463, 1089.7386588000002, 2534.1208553099996, 2607.3726327, 2438.29924503, 1765.3787233500002, 1549.6322463600002, 2065.88435823, 2114.1937390199996, 2536.75616733, 2444.21996676, 2162.21120841, 2605.6276884, 2552.2661900999997, 1103.9862751500002, 2321.84843616, 2549.1885071399997, 1126.6407513899999, 2218.80774093, 33.93758094, 7517.05169, 1760.67214224, 2389.9396260299995, 2507.56167552, 2618.1594060599996, 2312.042304, 1705.1037359400002, 2684.77296912, 2746.9036758899997, 2496.69399804, 2354.83397952, 1368.8466009900003, 2774.6320341300006, 2381.6062693500003, 1177.11943569, 2075.98401351, 1251.97367427, 1740.7300670099999, 1158.43825812, 1549.17579036, 1976.8766216100003, 7128.857344, 7941.81268, 2552.02065987, 2479.9336673099997, 7159.018604000001, 2463.1687459500004, 2645.5077726000004, 2118.61576344, 1094.2547500500002, 2668.21575768, 1791.78602889, 1855.8518289300002, 1751.2686113999998, 1542.3121876799999, 1673.82899112, 1568.82646932, 2410.1877125700003, 6193.444326, 2518.3026155099997, 1476.1815816000003, 1677.01556352, 1779.00767154, 1881.86997966, 2361.9953573700004, 2107.43204595, 1094.83920678, 1640.73146754, 2420.1639735900003, 1103.4256381500002, 51.470204329999994, 1582.8887325899998, 66.2888715, 2669.30122701, 1148.8851066000002, 1149.51527493, 1530.26344284, 1770.1784099999998, 1763.9997982200002, 2579.00320293, 2686.00416051, 1512.0194010899997, 2273.5993668300002, 2464.4302504800003], "opt_time": [0.0, 0.0, 0.14499998092651367, 0.20799994468688965, 0.49699997901916504, 0.30900001525878906, 0.29799985885620117, 0.2949998378753662, 0.2820000648498535, 0.28999996185302734, 0.12600016593933105, 0.12399983406066895, 0.14599990844726562, 0.3680000305175781, 0.3020000457763672, 0.2889997959136963, 0.3020000457763672, 0.21800017356872559, 0.379000186920166, 0.16000008583068848, 0.3190000057220459, 0.12999987602233887, 0.42600011825561523, 0.5250000953674316, 0.17600011825561523, 0.3580000400543213, 0.16200017929077148, 0.18700003623962402, 0.20300006866455078, 0.17199993133544922, 0.3359999656677246, 0.30500006675720215, 0.18400001525878906, 0.20200014114379883, 0.3250000476837158, 0.29399991035461426, 0.3539998531341553, 0.2949998378753662, 0.30900001525878906, 0.3169999122619629, 0.31999993324279785, 0.33899998664855957, 0.26199984550476074, 0.3230001926422119, 0.1770000457763672, 0.20600008964538574, 0.30900001525878906, 0.19099998474121094, 0.33100008964538574, 0.20099997520446777, 0.3229999542236328, 0.20399999618530273, 0.31399989128112793, 0.32399988174438477, 0.32899999618530273, 0.252000093460083, 0.2929999828338623, 0.2110002040863037, 0.2239999771118164, 0.3359999656677246, 0.38299989700317383, 0.3169999122619629, 0.2980000972747803, 0.23200011253356934, 0.3210000991821289, 0.2910001277923584, 0.24899983406066895, 0.3059999942779541, 0.3130002021789551, 0.2649998664855957, 0.3680000305175781, 0.30900001525878906, 0.4049999713897705, 0.26999998092651367, 0.3250000476837158, 0.2929999828338623, 0.3450000286102295, 0.4200000762939453, 0.30500006675720215, 0.35500001907348633, 0.3020000457763672, 0.30299997329711914, 0.31099987030029297, 0.3039999008178711, 0.3169999122619629, 0.3529999256134033, 0.33500003814697266, 0.3580000400543213, 0.33300018310546875, 0.36999988555908203, 0.4440000057220459, 0.3450000286102295, 0.4350001811981201, 0.3299999237060547, 0.37000012397766113, 0.3249998092651367, 0.3399999141693115, 0.38499999046325684, 0.30700016021728516, 0.35899996757507324, 0.39499998092651367, 0.5099999904632568, 0.37199997901916504, 0.35199999809265137, 0.437999963760376, 0.559999942779541, 0.44499993324279785, 0.3840000629425049, 0.40000009536743164, 0.41499996185302734, 0.4500000476837158, 0.434999942779541],