{"0": {"cum_exec_time": [3755.647324, 9462.04155, 15304.828231, 20256.03073, 25989.258232, 30019.958477, 34801.047241, 39916.785182, 44704.402126, 49212.953464, 53427.194113, 54695.44659817, 61164.91685717, 68730.65624517, 74303.74915817, 78992.31861417, 84139.03952017, 86699.64212704, 89233.91083159001, 96843.21594859, 105204.85866459, 109800.72585159, 115089.76515759001, 122823.90512759001, 127784.98522359002, 135578.72777359, 140699.25583459, 147835.11637859, 153424.18311558999, 158093.13006859, 166501.10592959, 174431.44012459, 182110.91918659, 187041.87238359, 191766.72762659, 200090.67815959, 207991.80734959, 215613.45811359, 223736.23237459, 228977.58870359, 236118.51888959002, 242103.70082959003, 243656.99090815004, 251552.83238815004, 257327.78623315005, 265188.89742015005], "mean_arr": [0.0, 0.0, 0.0, 0.0, 0.0, 0.0], "force_terminate": true, "select_trace": ["GP-HLE_EI", "GP-HLE_EI", "GP-HLE_EI", "GP-HLE_PI", "GP-HLE_PI", "RF-HLE_UCB", "GP-HLE_EI", "RF-HLE_PI", "GP-HLE_PI", "RF-HLE_PI", "RF-HLE_EI", "GP-HLE_UCB", "RF-HLE_PI", "GP-HLE_EI", "GP-HLE_EI", "GP-HLE_UCB", "GP-HLE_EI", "GP-HLE_UCB", "RF-HLE_UCB", "RF-HLE_UCB", "GP-HLE_UCB", "GP-HLE_UCB", "GP-HLE_EI", "RF-HLE_PI", "GP-HLE_UCB", "RF-HLE_PI", "RF-HLE_EI", "RF-HLE_PI", "GP-HLE_PI", "GP-HLE_PI", "RF-HLE_PI", "RF-HLE_PI", "RF-HLE_PI", "RF-HLE_PI", "RF-HLE_UCB", "GP-HLE_PI", "RF-HLE_PI", "RF-HLE_PI", "GP-HLE_PI", "RF-HLE_PI", "GP-HLE_PI", "GP-HLE_UCB", "GP-HLE_PI", "GP-HLE_UCB", "GP-HLE_PI", "GP-HLE_EI"], "exec_time": [3755.647324, 5706.394225999999, 5842.7866810000005, 4951.202499, 5733.227502000001, 4030.7002450000005, 4781.088764, 5115.737940999999, 4787.616943999999, 4508.551338, 4214.240649, 1268.25248517, 6469.470259000001, 7565.739388, 5573.092913, 4688.569456, 5146.7209060000005, 2560.6026068700003, 2534.2687045499997, 7609.305117, 8361.642716, 4595.867187, 5289.039306000001, 7734.13997, 4961.080096, 7793.74255, 5120.528061, 7135.860544, 5589.066737, 4668.946953, 8407.975861, 7930.334195, 7679.479062, 4930.953197, 4724.855243, 8323.950533, 7901.129190000001, 7621.650764, 8122.774261, 5241.356329, 7140.930186, 5985.1819399999995, 1553.2900785599998, 7895.84148, 5774.953845, 7861.111187], "opt_time": [0.0, 0.0, 0.11500000953674316, 0.08999991416931152, 0.125, 0.3250000476837158, 0.10000014305114746, 0.2999999523162842, 0.1100001335144043, 0.33499979972839355, 0.2740001678466797, 0.10299992561340332, 0.3190000057220459, 0.14999985694885254, 0.1399998664855957, 0.125, 0.13000011444091797, 0.1380000114440918, 0.28999996185302734, 0.27699995040893555, 0.1400001049041748, 0.15000009536743164, 0.18999981880187988, 0.37000012397766113, 0.2720000743865967, 0.31400012969970703, 0.27500009536743164, 0.2950000762939453, 0.14999985694885254, 0.18000006675720215, 0.31999993324279785, 0.28999996185302734, 0.2850000858306885, 0.27499985694885254, 0.2849998474121094, 0.15000009536743164, 0.3250000476837158, 0.27500009536743164, 0.17499995231628418, 0.2999999523162842, 0.18499994277954102, 0.18499994277954102, 0.2049999237060547, 0.2690000534057617, 0.28800010681152344, 0.3249998092651367], "model_idx": [2702, 6445, 6525, 6293, 5525, 525, 3525, 4525, 3777, 2525, 3177, 864, 3201, 6975, 6267, 6765, 975, 6085, 5312, 5975, 6759, 6907, 497, 6497, 6863, 5497, 661, 5759, 6015, 2561, 6403, 6637, 6152, 3959, 5715, 6735, 5735, 6291, 6447, 291, 5291, 6599, 6495, 6697, 6739, 6851], "metrics": [[], [], [], [], [], [], [], [], [], [], [], [], [], [], [], [], [], [], [], [], [], [], [], [], [], [], [], [], [], [], [], [], [], [], [], [], [], [], [], [], [], [], [], [], [], []], "num_duplicates": [], "cum_opt_time": [0.0, 0.0, 0.11500000953674316, 0.2049999237060547, 0.3299999237060547, 0.6549999713897705, 0.755000114440918, 1.0550000667572021, 1.1650002002716064, 1.5, 1.7740001678466797, 1.877000093460083, 2.196000099182129, 2.3459999561309814, 2.485999822616577, 2.610999822616577, 2.740999937057495, 2.878999948501587, 3.1689999103546143, 3.44599986076355, 3.5859999656677246, 3.7360000610351562, 3.925999879837036, 4.296000003814697, 4.568000078201294, 4.882000207901001, 5.157000303268433, 5.452000379562378, 5.6020002365112305, 5.782000303268433, 6.1020002365112305, 6.392000198364258, 6.677000284194946, 6.952000141143799, 7.236999988555908, 7.38700008392334, 7.712000131607056, 7.987000226974487, 8.162000179290771, 8.462000131607056, 8.647000074386597, 8.832000017166138, 9.036999940872192, 9.305999994277954, 9.594000101089478, 9.918999910354614], "error": [0.26319998499999997, 0.1323000190000001, 0.09839999700000002, 0.11959999799999999, 0.09799999000000004, 0.1057000159999999, 0.09810000699999999, 0.10110002799999995, 0.09710001900000009, 0.09960001699999999, 0.11089998499999998, 0.530200005, 0.09280002099999995, 0.07959997699999999, 0.09280002099999995, 0.13120001599999997, 0.08679997900000003, 0.19359999900000002, 0.381500006, 0.08990001700000005, 0.08829999, 0.12269997599999993, 0.08890003000000002, 0.08649998900000011, 0.09990000700000001, 0.084699988, 0.1191999909999999, 0.09140002700000005, 0.09579998299999992, 0.095200002, 0.09780001599999999, 0.12029999499999999, 0.142099977, 0.11059999499999995, 0.09429997200000007, 0.07480001400000003, 0.0770999790000001, 0.07099997999999996, 0.08619999900000008, 0.07789999200000008, 0.07440000800000002, 0.07609999200000006, 0.17570000900000005, 0.09020000700000008, 0.08859998000000002, 0.079200029], "count_arr": [9, 10, 8, 2, 13, 4], "accuracy": [0.736800015, 0.8676999809999999, 0.901600003, 0.880400002, 0.90200001, 0.8942999840000001, 0.901899993, 0.898899972, 0.9028999809999999, 0.900399983, 0.889100015, 0.469799995, 0.907199979, 0.920400023, 0.907199979, 0.868799984, 0.913200021, 0.806400001, 0.618499994, 0.910099983, 0.91170001, 0.8773000240000001, 0.91109997, 0.9135000109999999, 0.900099993, 0.915300012, 0.8808000090000001, 0.908599973, 0.9042000170000001, 0.904799998, 0.902199984, 0.879700005, 0.857900023, 0.889400005, 0.9057000279999999, 0.925199986, 0.9229000209999999, 0.92900002, 0.9138000009999999, 0.9221000079999999, 0.925599992, 0.9239000079999999, 0.824299991, 0.9097999929999999, 0.91140002, 0.920799971]}}