{"0": {"cum_exec_time": [4209.3728009999995, 8339.986262999999, 11734.407355, 15245.342209999999, 15289.00224724, 18888.92421024, 20201.133719399997, 21436.983059399998, 22557.113486969996, 26327.790635969995, 32093.286492969994, 36395.36611096999, 40632.01528596999, 47038.66297996999, 53581.683930969986, 55480.221802749984, 57169.104422679986, 58696.17101526999, 60880.06409817999, 63443.38333962999, 65536.12856628999, 66835.9970737, 73477.3993177, 75547.68683985999, 81936.18083386, 83902.26484737999, 85455.55492594, 93817.19764194, 94906.93630074, 97403.63029878, 105727.58083178, 108279.84702187999, 115620.59871388, 117955.04156671, 125856.17075671001, 128054.41713088001, 129635.30481343002, 131071.67064268002, 132832.55811817, 134796.38555143002, 136973.78003377002, 139392.22347184003, 141460.19839063002, 143536.18240414, 144816.50290945, 147005.79653542, 149554.98504256, 151773.79278349, 154350.79825585, 156003.42194131002, 158021.72933923002, 160376.56331875, 161846.68682998, 163207.16021919998, 165444.04035204998, 167959.18510416997, 169837.85161938996, 171643.52683281995, 173193.15907917995, 175385.44606221994, 176542.01010711995, 179046.16087623994, 180883.72981911994, 182735.29870575992, 184144.93364235992, 185309.63939907993, 186859.63835727994, 188676.10421067994, 191450.73624480993, 193475.29907619994, 195535.64633637993, 197610.44070780993, 199168.43070345992, 201005.6177828799, 202094.30961996992, 203792.72751894992, 205679.08188411992, 206762.2547266299, 209242.1883939399, 211349.6204398899, 213554.1106173399, 215524.3049844699, 217667.2248222099, 219097.3539629799, 221288.68130568988, 223383.1293231099, 225035.7635256699, 225112.0411092699, 226955.4530654799, 229362.1577706099, 231141.16544214988, 231187.3730487199, 232307.3254261099, 234071.3252243299, 241588.37691432989, 244227.4144079499, 246080.1056509899, 248242.3168593999, 250776.4377147099, 253462.4418752199, 253509.6193573599, 255821.6616613599, 257715.0689079699, 260251.8250752999], "mean_arr": [0.0, 0.0, 0.0, 0.0, 0.0, 0.0], "force_terminate": true, "select_trace": ["RF-HLE_EI", "RF-HLE_UCB", "RF-HLE_PI", "GP-HLE_UCB", "RF-HLE_UCB", "RF-HLE_UCB", "GP-HLE_UCB", "GP-HLE_UCB", "RF-HLE_PI", "GP-HLE_PI", "RF-HLE_UCB", "RF-HLE_UCB", "GP-HLE_UCB", "GP-HLE_EI", "RF-HLE_PI", "GP-HLE_UCB", "RF-HLE_PI", "GP-HLE_PI", "GP-HLE_EI", "RF-HLE_EI", "RF-HLE_EI", "GP-HLE_PI", "GP-HLE_PI", "GP-HLE_UCB", "GP-HLE_PI", "RF-HLE_PI", "GP-HLE_EI", "GP-HLE_EI", "GP-HLE_UCB", "GP-HLE_UCB", "GP-HLE_EI", "GP-HLE_EI", "GP-HLE_EI", "RF-HLE_UCB", "GP-HLE_UCB", "GP-HLE_EI", "RF-HLE_EI", "RF-HLE_EI", "RF-HLE_UCB", "GP-HLE_EI", "RF-HLE_EI", "RF-HLE_EI", "RF-HLE_EI", "RF-HLE_PI", "GP-HLE_EI", "GP-HLE_EI", "GP-HLE_UCB", "GP-HLE_UCB", "RF-HLE_UCB", "GP-HLE_UCB", "RF-HLE_UCB", "RF-HLE_PI", "RF-HLE_UCB", "RF-HLE_UCB", "RF-HLE_EI", "RF-HLE_PI", "RF-HLE_UCB", "RF-HLE_PI", "GP-HLE_PI", "RF-HLE_PI", "RF-HLE_UCB", "GP-HLE_UCB", "RF-HLE_EI", "RF-HLE_UCB", "RF-HLE_EI", "RF-HLE_EI", "GP-HLE_EI", "GP-HLE_UCB", "GP-HLE_PI", "RF-HLE_UCB", "RF-HLE_EI", "RF-HLE_UCB", "RF-HLE_EI", "GP-HLE_UCB", "GP-HLE_EI", "GP-HLE_UCB", "RF-HLE_EI", "GP-HLE_EI", "GP-HLE_EI", "GP-HLE_UCB", "RF-HLE_PI", "RF-HLE_PI", "RF-HLE_EI", "RF-HLE_PI", "RF-HLE_EI", "RF-HLE_EI", "GP-HLE_PI", "GP-HLE_EI", "GP-HLE_UCB", "GP-HLE_UCB", "GP-HLE_PI", "GP-HLE_EI", "GP-HLE_EI", "GP-HLE_EI", "GP-HLE_UCB", "GP-HLE_PI", "RF-HLE_PI", "RF-HLE_UCB", "RF-HLE_PI", "RF-HLE_EI", "RF-HLE_PI", "GP-HLE_UCB", "RF-HLE_UCB", "RF-HLE_UCB"], "exec_time": [4209.3728009999995, 4130.613461999999, 3394.421092, 3510.9348549999995, 43.66003724, 3599.9219630000002, 1312.2095091600002, 1235.8493400000002, 1120.13042757, 3770.677149, 5765.495857, 4302.079618, 4236.649175, 6406.647693999999, 6543.0209509999995, 1898.53787178, 1688.8826199300001, 1527.06659259, 2183.89308291, 2563.31924145, 2092.7452266600003, 1299.8685074100001, 6641.402244, 2070.28752216, 6388.4939939999995, 1966.0840135199999, 1553.2900785599998, 8361.642716, 1089.7386588000002, 2496.69399804, 8323.950533, 2552.2661900999997, 7340.751692, 2334.44285283, 7901.129190000001, 2198.24637417, 1580.8876825500001, 1436.36582925, 1760.88747549, 1963.82743326, 2177.3944823399997, 2418.44343807, 2067.97491879, 2075.98401351, 1280.3205053099998, 2189.29362597, 2549.1885071399997, 2218.80774093, 2577.00547236, 1652.62368546, 2018.30739792, 2354.83397952, 1470.1235112299998, 1360.4733892200004, 2236.88013285, 2515.1447521200002, 1878.66651522, 1805.67521343, 1549.6322463600002, 2192.28698304, 1156.5640449, 2504.15076912, 1837.5689428800001, 1851.56888664, 1409.6349366000002, 1164.70575672, 1549.9989581999998, 1816.4658533999998, 2774.6320341300006, 2024.56283139, 2060.34726018, 2074.79437143, 1557.9899956499996, 1837.1870794200001, 1088.69183709, 1698.41789898, 1886.3543651700002, 1083.17284251, 2479.9336673099997, 2107.43204595, 2204.49017745, 1970.1943671299998, 2142.91983774, 1430.12914077, 2191.32734271, 2094.4480174200003, 1652.63420256, 76.2775836, 1843.41195621, 2406.7047051299996, 1779.00767154, 46.207606569999996, 1119.95237739, 1763.9997982200002, 7517.05169, 2639.0374936200005, 1852.69124304, 2162.21120841, 2534.1208553099996, 2686.00416051, 47.17748214, 2312.042304, 1893.4072466100001, 2536.75616733], "opt_time": [0.0, 0.0, 0.3340001106262207, 0.125, 0.3059999942779541, 0.30099987983703613, 0.09799981117248535, 0.10500001907348633, 0.37000012397766113, 0.1700000762939453, 0.4179999828338623, 0.31099987030029297, 0.13700008392333984, 0.15700006484985352, 0.3059999942779541, 0.12000012397766113, 0.3399999141693115, 0.1099998950958252, 0.13500022888183594, 0.3250000476837158, 0.27499985694885254, 0.13499999046325684, 0.19099998474121094, 0.15599989891052246, 0.20399999618530273, 0.3769998550415039, 0.16899991035461426, 0.1700000762939453, 0.14299988746643066, 0.16100001335144043, 0.18400001525878906, 0.13699984550476074, 0.1549999713897705, 0.4460000991821289, 0.22699999809265137, 0.15699982643127441, 0.3080000877380371, 0.30500006675720215, 0.3059999942779541, 0.24699997901916504, 0.442000150680542, 0.2990000247955322, 0.3190000057220459, 0.3259999752044678, 0.24300003051757812, 0.25500011444091797, 0.21500015258789062, 0.20300006866455078, 0.312000036239624, 0.20199990272521973, 0.3450000286102295, 0.39499998092651367, 0.3730001449584961, 0.30900001525878906, 0.30100011825561523, 0.307999849319458, 0.29600000381469727, 0.3540000915527344, 0.3320000171661377, 0.3540000915527344, 0.2990000247955322, 0.2799999713897705, 0.36999988555908203, 0.2890000343322754, 0.28999996185302734, 0.3259999752044678, 0.30099987983703613, 0.36500000953674316, 0.3489999771118164, 0.3880000114440918, 0.33099985122680664, 0.33299994468688965, 0.33100008964538574, 0.3640000820159912, 0.34200000762939453, 0.2969999313354492, 0.38299989700317383, 0.3600001335144043, 0.2760000228881836, 0.2950000762939453, 0.32899999618530273, 0.31599998474121094, 0.4459998607635498, 0.3689999580383301, 0.32000017166137695, 0.32399988174438477, 0.3539998531341553, 0.38299989700317383, 0.38299989700317383, 0.38300013542175293, 0.3489999771118164, 0.43400001525878906, 0.3540000915527344, 0.32700014114379883, 0.34799981117248535, 0.3970000743865967, 0.5089998245239258, 0.36500000953674316, 0.3130002021789551, 0.2909998893737793, 0.31400012969970703, 0.39300012588500977, 0.33899998664855957, 0.2929999828338623], "model_idx": [4769, 4564, 21, 1437, 1842, 1629, 3533, 2921, 629, 2691, 1975, 1051, 1567, 2735, 3999, 6231, 383, 2839, 4085, 5316, 2176, 175, 3291, 3223, 3027, 2027, 6495, 6759, 195, 6975, 6735, 6497, 4735, 4291, 5735, 4135, 3567, 1221, 735, 6175, 3908, 4027, 3243, 3735, 15, 3975, 6135, 4447, 6999, 891, 2291, 5759, 2567, 567, 3549, 6291, 1999, 1027, 6831, 3697, 1359, 5447, 1434, 1735, 3801, 110, 6119, 5839, 6403, 3919, 3619, 3579, 3599, 1497, 585, 975, 1483, 671, 6941, 3447, 4999, 2975, 3473, 1819, 3162, 3125, 759, 6000, 5561, 4759, 343, 6437, 831, 697, 6243, 6516, 6051, 3459, 6807, 6597, 6629, 5243, 6987, 6201],