{"0": {"cum_exec_time": [3993.7766890000003, 8986.916244, 16552.655632, 24231.809739, 26423.47247952, 28844.630492310003, 30376.859227710003, 32150.66415522, 34789.701648840004, 36717.82125357001, 39388.186265280005, 41899.256953890006, 44448.44546103001, 46987.105536300005, 48865.61848206, 51459.785173770004, 59582.55943477, 62100.862050280004, 64875.494084410006, 66655.76733697, 69402.67101286001, 71148.05398384001, 73189.99582171002, 75795.62351011002, 77479.32952333002, 79862.02448347001, 82422.62709034001, 84974.89328044001, 87356.75227435002, 89137.67870383001, 91671.90679429001, 93324.54099685002, 95828.69176597001, 97128.56027338002, 99044.33931031002, 101581.09547764002, 104134.95387583002, 106373.88968164002, 109095.60338404002, 111314.41112497002, 113866.43178484002, 116055.72541081003, 118740.49837993004, 121255.64313205004, 122359.62940720005, 124839.56307451005, 127379.27210164005, 128501.94979063005, 131099.37278902004, 132754.98380674003, 134085.11488759003, 136640.68027909, 139084.90024585, 140174.63890465, 141823.88899680998, 144583.23109308997, 147065.74675695997, 155007.55943695997, 156097.65537883996, 163256.67398283997, 165035.68165437997, 172164.53899837995, 174283.15476181995, 176504.00098897994, 177623.95336636994, 179667.78999394993, 182373.88803925994, 183925.12349029994, 186593.33924797995, 189315.93775594994, 191014.35565492994, 192108.24109042995, 194800.78964824995, 196425.75480643995, 198899.48870797994, 200722.84688032995, 202693.89991009995, 205238.78631844994, 206885.11879051995, 208619.62464964995, 216136.67633964994, 218448.71864364995, 221021.61181704994, 223772.63817963994, 225519.28218687995, 228140.40079038995, 230829.23939283995, 233219.17901886997, 234847.07119950996, 237232.17943446996, 239167.29232362995, 240896.93991219994, 242676.61511763994, 244385.40734937994, 247067.54883645993, 248592.39985326992, 250864.91306535993, 251945.49421788994, 254076.83320029994, 256144.80811908992, 257425.62223707992, 259304.39090082992], "mean_arr": [0.0, 0.0, 0.0, 0.0, 0.0, 0.0], "force_terminate": true, "select_trace": ["RF-HLE_UCB", "GP-HLE_UCB", "GP-HLE_UCB", "GP-HLE_UCB", "GP-HLE_UCB", "RF-HLE_UCB", "RF-HLE_EI", "GP-HLE_PI", "GP-HLE_UCB", "RF-HLE_EI", "GP-HLE_UCB", "RF-HLE_UCB", "GP-HLE_UCB", "GP-HLE_PI", "GP-HLE_PI", "GP-HLE_PI", "GP-HLE_EI", "RF-HLE_UCB", "RF-HLE_PI", "RF-HLE_EI", "RF-HLE_PI", "GP-HLE_EI", "GP-HLE_PI", "RF-HLE_PI", "RF-HLE_EI", "GP-HLE_UCB", "RF-HLE_EI", "GP-HLE_EI", "GP-HLE_UCB", "GP-HLE_EI", "RF-HLE_EI", "GP-HLE_PI", "GP-HLE_UCB", "GP-HLE_EI", "RF-HLE_PI", "RF-HLE_PI", "GP-HLE_UCB", "GP-HLE_PI", "RF-HLE_PI", "GP-HLE_UCB", "RF-HLE_EI", "GP-HLE_UCB", "RF-HLE_PI", "GP-HLE_UCB", "GP-HLE_PI", "RF-HLE_EI", "RF-HLE_PI", "GP-HLE_EI", "RF-HLE_PI", "GP-HLE_EI", "GP-HLE_EI", "RF-HLE_PI", "RF-HLE_EI", "GP-HLE_PI", "RF-HLE_PI", "GP-HLE_UCB", "RF-HLE_EI", "RF-HLE_PI", "GP-HLE_EI", "GP-HLE_UCB", "RF-HLE_EI", "RF-HLE_EI", "RF-HLE_UCB", "GP-HLE_UCB", "GP-HLE_EI", "GP-HLE_UCB", "RF-HLE_PI", "GP-HLE_EI", "GP-HLE_UCB", "RF-HLE_UCB", "GP-HLE_EI", "GP-HLE_EI", "RF-HLE_UCB", "GP-HLE_PI", "RF-HLE_PI", "GP-HLE_UCB", "GP-HLE_EI", "GP-HLE_UCB", "RF-HLE_EI", "RF-HLE_EI", "RF-HLE_UCB", "RF-HLE_PI", "RF-HLE_PI", "RF-HLE_UCB", "GP-HLE_PI", "RF-HLE_UCB", "GP-HLE_EI", "GP-HLE_UCB", "GP-HLE_EI", "GP-HLE_UCB", "RF-HLE_EI", "GP-HLE_UCB", "RF-HLE_EI", "GP-HLE_PI", "RF-HLE_UCB", "GP-HLE_PI", "RF-HLE_PI", "GP-HLE_PI", "RF-HLE_PI", "GP-HLE_UCB", "GP-HLE_PI", "RF-HLE_PI"], "exec_time": [3993.7766890000003, 4993.139555, 7565.739388, 7679.154106999999, 2191.6627405199997, 2421.1580127899997, 1532.2287353999998, 1773.8049275099997, 2639.0374936200005, 1928.1196047300002, 2670.3650117100005, 2511.0706886099997, 2549.1885071399997, 2538.6600752699997, 1878.5129457599999, 2594.16669171, 8122.774261, 2518.3026155099997, 2774.6320341300006, 1780.27325256, 2746.9036758899997, 1745.3829709800002, 2041.94183787, 2605.6276884, 1683.7060132200002, 2382.6949601399997, 2560.6026068700003, 2552.2661900999997, 2381.8589939099998, 1780.92642948, 2534.22809046, 1652.63420256, 2504.15076912, 1299.8685074100001, 1915.77903693, 2536.75616733, 2553.85839819, 2238.9358058099997, 2721.7137024, 2218.80774093, 2552.02065987, 2189.29362597, 2684.77296912, 2515.1447521200002, 1103.9862751500002, 2479.9336673099997, 2539.7090271300003, 1122.67768899, 2597.42299839, 1655.61101772, 1330.1310808500002, 2555.5653915000003, 2444.21996676, 1089.7386588000002, 1649.2500921600001, 2759.34209628, 2482.51566387, 7941.81268, 1090.0959418799998, 7159.018604000001, 1779.00767154, 7128.857344, 2118.61576344, 2220.8462271599997, 1119.95237739, 2043.83662758, 2706.0980453099996, 1551.23545104, 2668.21575768, 2722.59850797, 1698.41789898, 1093.8854355, 2692.54855782, 1624.96515819, 2473.73390154, 1823.3581723500001, 1971.0530297699997, 2544.88640835, 1646.3324720700002, 1734.50585913, 7517.05169, 2312.042304, 2572.8931734, 2751.0263625899997, 1746.64400724, 2621.11860351, 2688.83860245, 2389.9396260299995, 1627.8921806399999, 2385.10823496, 1935.1128891600001, 1729.64758857, 1779.6752054400001, 1708.79223174, 2682.14148708, 1524.85101681, 2272.5132120900003, 1080.58115253, 2131.3389824100004, 2067.97491879, 1280.8141179899999, 1878.76866375], "opt_time": [0.0, 0.0, 0.0989999771118164, 0.09500002861022949, 0.125, 0.3540000915527344, 0.2839999198913574, 0.11599993705749512, 0.1119999885559082, 0.38000011444091797, 0.13100004196166992, 0.309999942779541, 0.11899995803833008, 0.12999987602233887, 0.12800002098083496, 0.12400007247924805, 0.12999987602233887, 0.33499979972839355, 0.40400004386901855, 0.29600000381469727, 0.45599985122680664, 0.1639997959136963, 0.1359999179840088, 0.3399999141693115, 0.2850000858306885, 0.16100001335144043, 0.34599995613098145, 0.16100001335144043, 0.14600014686584473, 0.14899992942810059, 0.3489999771118164, 0.16899991035461426, 0.1700000762939453, 0.18499994277954102, 0.2929999828338623, 0.2799999713897705, 0.1549999713897705, 0.1700000762939453, 0.3359999656677246, 0.23799991607666016, 0.33500003814697266, 0.2999999523162842, 0.39999985694885254, 0.16100001335144043, 0.16499996185302734, 0.3340001106262207, 0.2890000343322754, 0.22099995613098145, 0.315000057220459, 0.20000004768371582, 0.23000001907348633, 0.35500001907348633, 0.28999996185302734, 0.2090001106262207, 0.38500022888183594, 0.21299982070922852, 0.3340001106262207, 0.33500003814697266, 0.26999998092651367, 0.25499987602233887, 0.4500000476837158, 0.33699989318847656, 0.2799999713897705, 0.2350001335144043, 0.25999999046325684, 0.30499982833862305, 0.28999996185302734, 0.28800010681152344, 0.2650001049041748, 0.38000011444091797, 0.2839999198913574, 0.2980000972747803, 0.317000150680542, 0.2849998474121094, 0.46000003814697266, 0.28999996185302734, 0.34999990463256836, 0.4439997673034668, 0.3809998035430908, 0.29400014877319336, 0.29199981689453125, 0.29000020027160645, 0.29200005531311035, 0.28099989891052246, 0.3399999141693115, 0.3510000705718994, 0.37800002098083496, 0.3399999141693115, 0.37800002098083496, 0.3899998664855957, 0.3599998950958252, 0.9930000305175781, 0.45600008964538574, 0.4200000762939453, 0.3540000915527344, 0.34399986267089844, 0.3710000514984131, 0.35500001907348633, 0.434999942779541, 0.4889998435974121, 0.4890000820159912, 0.4290001392364502], "model_idx": [3014, 6602, 6975, 6807, 3291, 5223, 6519, 0, 6516, 6525, 6891, 5975, 6135, 6383, 6959, 6851, 6447, 6837, 6403, 807, 6735, 497, 2447, 6697, 583, 5807, 6085, 6497, 4975, 365, 6152, 759, 5447, 175, 6639, 6201, 6111, 3759, 6361, 4447, 6593, 3975, 6223, 6291, 845, 6941, 6543, 495, 6868, 637, 525, 6483, 4697, 195, 6255, 6759, 6189, 6343, 437, 5343, 343, 4343, 3343, 4807, 831, 2343, 6254, 6359, 6687, 6425, 975, 912, 6281, 189, 6704, 1135, 6221, 5483, 604, 704, 6243, 5243, 6643, 6033, 810, 6897, 6271, 4243, 851, 5135, 6558, 291, 678, 223, 6027, 6437, 4416, 297, 3824, 3243, 133, 5783],