{"0": {"cum_exec_time": [5677.82415, 9974.604354, 15325.019154999998, 23266.831834999997, 30425.850438999998, 35816.782777, 42945.640121000004, 46280.38658200001, 54372.401769000004, 62508.077433000006, 67686.235711, 74884.442387, 82221.28485, 88494.88340199999, 94100.58275599999, 99450.21525099999, 104481.73306399999, 112629.72882899999, 120368.69367199998, 126185.87266399998, 133288.885812, 140805.937502, 148894.729099, 156654.130938, 164038.253588, 171961.52625199998, 177336.69269899998, 181824.09136999998, 189050.830298, 196576.04233199998, 204363.10109699998, 211201.840106, 218400.227254, 225813.247504, 232917.13892599999, 238253.16157899998, 245516.82055699997, 250805.85986299996, 254149.57391799995, 257551.62752099996, 261490.62299799995], "mean_arr": [0.0, 0.0, 0.0, 0.0, 0.0, 0.0], "force_terminate": true, "select_trace": ["GP-HLE_UCB", "RF-HLE_UCB", "RF-HLE_UCB", "GP-HLE_EI", "GP-HLE_PI", "RF-HLE_PI", "GP-HLE_PI", "GP-HLE_UCB", "RF-HLE_PI", "RF-HLE_UCB", "RF-HLE_EI", "RF-HLE_UCB", "RF-HLE_PI", "GP-HLE_PI", "RF-HLE_PI", "GP-HLE_UCB", "RF-HLE_EI", "RF-HLE_UCB", "RF-HLE_PI", "GP-HLE_PI", "RF-HLE_UCB", "RF-HLE_UCB", "RF-HLE_UCB", "RF-HLE_PI", "RF-HLE_UCB", "RF-HLE_PI", "GP-HLE_EI", "RF-HLE_EI", "RF-HLE_UCB", "RF-HLE_PI", "RF-HLE_UCB", "RF-HLE_UCB", "RF-HLE_PI", "GP-HLE_PI", "RF-HLE_EI", "GP-HLE_UCB", "RF-HLE_EI", "GP-HLE_EI", "GP-HLE_EI", "GP-HLE_EI", "GP-HLE_UCB"], "exec_time": [5677.82415, 4296.780204, 5350.414801, 7941.81268, 7159.018604000001, 5390.9323380000005, 7128.857344, 3334.7464609999997, 8092.015187000001, 8135.675664, 5178.158278, 7198.206676000001, 7336.842463, 6273.598552, 5605.699354, 5349.632495000001, 5031.517813, 8147.995765000001, 7738.964843000001, 5817.178992, 7103.013148, 7517.05169, 8088.7915969999995, 7759.401839, 7384.12265, 7923.272664, 5375.166447, 4487.398671, 7226.738928, 7525.212034, 7787.058765000001, 6838.739009000001, 7198.387148000001, 7413.02025, 7103.891422, 5336.022653, 7263.658978, 5289.039306000001, 3343.714055, 3402.0536030000003, 3938.9954770000004], "opt_time": [0.0, 0.0, 0.27500009536743164, 0.11100006103515625, 0.13400006294250488, 0.34800004959106445, 0.12299990653991699, 0.12899994850158691, 0.47300004959106445, 0.3619999885559082, 0.4739999771118164, 0.34799981117248535, 0.28999996185302734, 0.1400001049041748, 0.28799986839294434, 0.11099982261657715, 0.3339998722076416, 0.29600000381469727, 0.26999998092651367, 0.13000011444091797, 0.309999942779541, 0.27500009536743164, 0.2689998149871826, 0.27500009536743164, 0.26600003242492676, 0.29000020027160645, 0.20799994468688965, 0.40200018882751465, 0.437999963760376, 0.5230000019073486, 0.3059999942779541, 0.2840001583099365, 0.2739999294281006, 0.18400001525878906, 0.3080000877380371, 0.17300009727478027, 0.30499982833862305, 0.19000005722045898, 0.17499995231628418, 0.19499993324279785, 0.1790001392364502], "model_idx": [5109, 4749, 5133, 6343, 5343, 343, 4343, 362, 6891, 6223, 223, 4223, 5223, 3223, 6799, 85, 6963, 6271, 6111, 1851, 5085, 6243, 6674, 6085, 4321, 6619, 0, 5711, 4619, 6737, 6955, 4737, 5737, 5549, 5895, 735, 5633, 497, 119, 495, 175], "metrics": [[], [], [], [], [], [], [], [], [], [], [], [], [], [], [], [], [], [], [], [], [], [], [], [], [], [], [], [], [], [], [], [], [], [], [], [], [], [], [], [], []], "num_duplicates": [], "cum_opt_time": [0.0, 0.0, 0.27500009536743164, 0.3860001564025879, 0.5200002193450928, 0.8680002689361572, 0.9910001754760742, 1.1200001239776611, 1.5930001735687256, 1.9550001621246338, 2.42900013923645, 2.7769999504089355, 3.066999912261963, 3.2070000171661377, 3.494999885559082, 3.605999708175659, 3.939999580383301, 4.235999584197998, 4.505999565124512, 4.63599967956543, 4.945999622344971, 5.220999717712402, 5.489999532699585, 5.764999628067017, 6.030999660491943, 6.32099986076355, 6.5289998054504395, 6.930999994277954, 7.36899995803833, 7.891999959945679, 8.197999954223633, 8.48200011253357, 8.75600004196167, 8.940000057220459, 9.248000144958496, 9.421000242233276, 9.7260000705719, 9.916000127792358, 10.091000080108643, 10.28600001335144, 10.46500015258789], "error": [0.13050001900000008, 0.266700029, 0.09759998299999995, 0.08410000799999995, 0.0817999840000001, 0.08749997599999992, 0.09219998099999993, 0.30909997200000006, 0.09179997400000006, 0.06790000200000001, 0.07190001000000001, 0.06970000300000001, 0.07160001999999999, 0.07309997099999999, 0.10589999000000005, 0.08039998999999998, 0.111500025, 0.12370002299999994, 0.095200002, 0.08490002200000002, 0.07059997299999998, 0.08630001499999995, 0.24650001499999996, 0.07340002099999998, 0.115199983, 0.07029998299999995, 0.43769997399999994, 0.147899985, 0.07300001400000011, 0.06900000599999989, 0.07810002599999999, 0.07090002299999998, 0.06580001099999999, 0.07069999000000005, 0.110499978, 0.07829999900000006, 0.06879997299999996, 0.08890003000000002, 0.110800028, 0.09939998400000005, 0.07380002699999999], "count_arr": [5, 5, 5, 5, 9, 12], "accuracy": [0.8694999809999999, 0.733299971, 0.902400017, 0.915899992, 0.9182000159999999, 0.9125000240000001, 0.9078000190000001, 0.6909000279999999, 0.9082000259999999, 0.932099998, 0.92809999, 0.930299997, 0.92839998, 0.926900029, 0.89410001, 0.91960001, 0.888499975, 0.8762999770000001, 0.904799998, 0.915099978, 0.929400027, 0.913699985, 0.753499985, 0.926599979, 0.884800017, 0.929700017, 0.5623000260000001, 0.852100015, 0.9269999859999999, 0.9309999940000001, 0.921899974, 0.929099977, 0.934199989, 0.92930001, 0.889500022, 0.9217000009999999, 0.931200027, 0.91109997, 0.889199972, 0.900600016, 0.926199973]}}